#
# A fatal error has been detected by the Java Runtime Environment:
#
#  SIGSEGV (0xb) at pc=0x0000787454ca9cd2, pid=12287, tid=12335
#
# JRE version: OpenJDK Runtime Environment (21.0.11+10) (build 21.0.11+10-1-24.04.2-Ubuntu)
# Java VM: OpenJDK 64-Bit Server VM (21.0.11+10-1-24.04.2-Ubuntu, mixed mode, emulated-client, sharing, tiered, compressed oops, compressed class ptrs, g1 gc, linux-amd64)
# Problematic frame:
# C  [libtesseract.so.5.0.3+0xa9cd2]  tesseract::Tesseract::recog_all_words(tesseract::PAGE_RES*, tesseract::ETEXT_DESC*, tesseract::TBOX const*, char const*, int)+0x442
#
# Core dump will be written. Default location: Core dumps may be processed with "/usr/share/apport/apport -p%p -s%s -c%c -d%d -P%P -u%u -g%g -F%F -- %E" (or dumping to /home/qualian/opt/Learning/docmate-backend/core.12287)
#
# If you would like to submit a bug report, please visit:
#   https://bugs.launchpad.net/ubuntu/+source/openjdk-21
# The crash happened outside the Java Virtual Machine in native code.
# See problematic frame for where to report the bug.
#

---------------  S U M M A R Y ------------

Command Line: -XX:TieredStopAtLevel=1 com.docmate.DocmateBackendApplication

Host: 11th Gen Intel(R) Core(TM) i7-1185G7 @ 3.00GHz, 8 cores, 15G, Ubuntu 24.04.3 LTS
Time: Sat Jun 13 17:33:17 2026 IST elapsed time: 130.228412 seconds (0d 0h 2m 10s)

---------------  T H R E A D  ---------------

Current thread (0x00007874c23bad10):  JavaThread "http-nio-8080-exec-1" daemon [_thread_in_native, id=12335, stack(0x0000787455ff8000,0x00007874560f8000) (1024K)]

Stack: [0x0000787455ff8000,0x00007874560f8000],  sp=0x00007874560f25b0,  free space=1001k
Native frames: (J=compiled Java code, j=interpreted, Vv=VM code, C=native code)
C  [libtesseract.so.5.0.3+0xa9cd2]  tesseract::Tesseract::recog_all_words(tesseract::PAGE_RES*, tesseract::ETEXT_DESC*, tesseract::TBOX const*, char const*, int)+0x442
C  [libtesseract.so.5.0.3+0x832a6]  tesseract::TessBaseAPI::Recognize(tesseract::ETEXT_DESC*)+0x1a6
C  [libtesseract.so.5.0.3+0x83857]  tesseract::TessBaseAPI::GetUTF8Text()+0x227
C  [jna1600261366887446621.tmp+0x16052]
Java frames: (J=compiled Java code, j=interpreted, Vv=VM code)
j  com.sun.jna.Native.invokePointer(Lcom/sun/jna/Function;JI[Ljava/lang/Object;)J+0
j  com.sun.jna.Function.invokePointer(I[Ljava/lang/Object;)Lcom/sun/jna/Pointer;+7
j  com.sun.jna.Function.invoke([Ljava/lang/Object;Ljava/lang/Class;ZI)Ljava/lang/Object;+387
j  com.sun.jna.Function.invoke(Ljava/lang/reflect/Method;[Ljava/lang/Class;Ljava/lang/Class;[Ljava/lang/Object;Ljava/util/Map;)Ljava/lang/Object;+271
j  com.sun.jna.Library$Handler.invoke(Ljava/lang/Object;Ljava/lang/reflect/Method;[Ljava/lang/Object;)Ljava/lang/Object;+390
j  jdk.proxy2.$Proxy142.TessBaseAPIGetUTF8Text(Lnet/sourceforge/tess4j/ITessAPI$TessBaseAPI;)Lcom/sun/jna/Pointer;+16 jdk.proxy2
j  net.sourceforge.tess4j.Tesseract.getOCRText(Ljava/lang/String;I)Ljava/lang/String;+309
j  net.sourceforge.tess4j.Tesseract.doOCR(Ljavax/imageio/IIOImage;Ljava/lang/String;Ljava/util/List;I)Ljava/lang/String;+91
j  net.sourceforge.tess4j.Tesseract.doOCR(Ljava/io/File;Ljava/util/List;)Ljava/lang/String;+126
j  net.sourceforge.tess4j.ITesseract.doOCR(Ljava/io/File;)Ljava/lang/String;+6
j  com.docmate.service.OcrService.extractText(Ljava/io/File;)Ljava/lang/String;+10
j  com.docmate.controller.OcrController.testOcr()Lorg/springframework/http/ResponseEntity;+15
j  java.lang.invoke.DirectMethodHandle$Holder.invokeVirtual(Ljava/lang/Object;Ljava/lang/Object;)Ljava/lang/Object;+10 java.base@21.0.11
J 2368 c1 java.lang.invoke.LambdaForm$MH+0x0000787458090000.invoke(Ljava/lang/Object;Ljava/lang/Object;)Ljava/lang/Object; java.base@21.0.11 (35 bytes) @ 0x00007874b4e72b34 [0x00007874b4e72a40+0x00000000000000f4]
J 4061 c1 jdk.internal.reflect.DirectMethodHandleAccessor.invoke(Ljava/lang/Object;[Ljava/lang/Object;)Ljava/lang/Object; java.base@21.0.11 (92 bytes) @ 0x00007874b512309c [0x00007874b5122d20+0x000000000000037c]
J 4082 c1 java.lang.reflect.Method.invoke(Ljava/lang/Object;[Ljava/lang/Object;)Ljava/lang/Object; java.base@21.0.11 (108 bytes) @ 0x00007874b51282cc [0x00007874b5128100+0x00000000000001cc]
j  org.springframework.web.method.support.InvocableHandlerMethod.doInvoke([Ljava/lang/Object;)Ljava/lang/Object;+55
j  org.springframework.web.method.support.InvocableHandlerMethod.invokeForRequest(Lorg/springframework/web/context/request/NativeWebRequest;Lorg/springframework/web/method/support/ModelAndViewContainer;[Ljava/lang/Object;)Ljava/lang/Object;+82
j  org.springframework.web.servlet.mvc.method.annotation.ServletInvocableHandlerMethod.invokeAndHandle(Lorg/springframework/web/context/request/ServletWebRequest;Lorg/springframework/web/method/support/ModelAndViewContainer;[Ljava/lang/Object;)V+4
j  org.springframework.web.servlet.mvc.method.annotation.RequestMappingHandlerAdapter.invokeHandlerMethod(Ljakarta/servlet/http/HttpServletRequest;Ljakarta/servlet/http/HttpServletResponse;Lorg/springframework/web/method/HandlerMethod;)Lorg/springframework/web/servlet/ModelAndView;+300
j  org.springframework.web.servlet.mvc.method.annotation.RequestMappingHandlerAdapter.handleInternal(Ljakarta/servlet/http/HttpServletRequest;Ljakarta/servlet/http/HttpServletResponse;Lorg/springframework/web/method/HandlerMethod;)Lorg/springframework/web/servlet/ModelAndView;+81
j  org.springframework.web.servlet.mvc.method.AbstractHandlerMethodAdapter.handle(Ljakarta/servlet/http/HttpServletRequest;Ljakarta/servlet/http/HttpServletResponse;Ljava/lang/Object;)Lorg/springframework/web/servlet/ModelAndView;+7
j  org.springframework.web.servlet.DispatcherServlet.doDispatch(Ljakarta/servlet/http/HttpServletRequest;Ljakarta/servlet/http/HttpServletResponse;)V+184
j  org.springframework.web.servlet.DispatcherServlet.doService(Ljakarta/servlet/http/HttpServletRequest;Ljakarta/servlet/http/HttpServletResponse;)V+216
j  org.springframework.web.servlet.FrameworkServlet.processRequest(Ljakarta/servlet/http/HttpServletRequest;Ljakarta/servlet/http/HttpServletResponse;)V+70
j  org.springframework.web.servlet.FrameworkServlet.doGet(Ljakarta/servlet/http/HttpServletRequest;Ljakarta/servlet/http/HttpServletResponse;)V+3
j  jakarta.servlet.http.HttpServlet.service(Ljakarta/servlet/http/HttpServletRequest;Ljakarta/servlet/http/HttpServletResponse;)V+287
j  org.springframework.web.servlet.FrameworkServlet.service(Ljakarta/servlet/http/HttpServletRequest;Ljakarta/servlet/http/HttpServletResponse;)V+20
j  jakarta.servlet.http.HttpServlet.service(Ljakarta/servlet/ServletRequest;Ljakarta/servlet/ServletResponse;)V+37
j  org.apache.catalina.core.ApplicationFilterChain.doFilter(Ljakarta/servlet/ServletRequest;Ljakarta/servlet/ServletResponse;)V+162
j  org.apache.tomcat.websocket.server.WsFilter.doFilter(Ljakarta/servlet/ServletRequest;Ljakarta/servlet/ServletResponse;Ljakarta/servlet/FilterChain;)V+21
j  org.apache.catalina.core.ApplicationFilterChain.doFilter(Ljakarta/servlet/ServletRequest;Ljakarta/servlet/ServletResponse;)V+69
j  org.springframework.web.filter.OncePerRequestFilter.doFilter(Ljakarta/servlet/ServletRequest;Ljakarta/servlet/ServletResponse;Ljakarta/servlet/FilterChain;)V+125
j  org.apache.catalina.core.ApplicationFilterChain.doFilter(Ljakarta/servlet/ServletRequest;Ljakarta/servlet/ServletResponse;)V+69
j  org.springframework.web.filter.CompositeFilter$VirtualFilterChain.doFilter(Ljakarta/servlet/ServletRequest;Ljakarta/servlet/ServletResponse;)V+22
j  org.springframework.security.web.FilterChainProxy.lambda$doFilterInternal$2(Lorg/springframework/security/web/firewall/FirewalledRequest;Ljakarta/servlet/FilterChain;Ljakarta/servlet/ServletRequest;Ljakarta/servlet/ServletResponse;)V+35
j  org.springframework.security.web.FilterChainProxy$$Lambda+0x0000787458b03d20.doFilter(Ljakarta/servlet/ServletRequest;Ljakarta/servlet/ServletResponse;)V+10
j  org.springframework.security.web.FilterChainProxy$VirtualFilterChain.doFilter(Ljakarta/servlet/ServletRequest;Ljakarta/servlet/ServletResponse;)V+17
j  org.springframework.security.web.access.intercept.AuthorizationFilter.doFilter(Ljakarta/servlet/ServletRequest;Ljakarta/servlet/ServletResponse;Ljakarta/servlet/FilterChain;)V+147
j  org.springframework.security.web.FilterChainProxy$VirtualFilterChain.doFilter(Ljakarta/servlet/ServletRequest;Ljakarta/servlet/ServletResponse;)V+107
j  org.springframework.security.web.access.ExceptionTranslationFilter.doFilter(Ljakarta/servlet/http/HttpServletRequest;Ljakarta/servlet/http/HttpServletResponse;Ljakarta/servlet/FilterChain;)V+3
j  org.springframework.security.web.access.ExceptionTranslationFilter.doFilter(Ljakarta/servlet/ServletRequest;Ljakarta/servlet/ServletResponse;Ljakarta/servlet/FilterChain;)V+10
j  org.springframework.security.web.FilterChainProxy$VirtualFilterChain.doFilter(Ljakarta/servlet/ServletRequest;Ljakarta/servlet/ServletResponse;)V+107
j  org.springframework.security.web.authentication.AnonymousAuthenticationFilter.doFilter(Ljakarta/servlet/ServletRequest;Ljakarta/servlet/ServletResponse;Ljakarta/servlet/FilterChain;)V+33
j  org.springframework.security.web.FilterChainProxy$VirtualFilterChain.doFilter(Ljakarta/servlet/ServletRequest;Ljakarta/servlet/ServletResponse;)V+107
j  org.springframework.security.web.servletapi.SecurityContextHolderAwareRequestFilter.doFilter(Ljakarta/servlet/ServletRequest;Ljakarta/servlet/ServletResponse;Ljakarta/servlet/FilterChain;)V+19
j  org.springframework.security.web.FilterChainProxy$VirtualFilterChain.doFilter(Ljakarta/servlet/ServletRequest;Ljakarta/servlet/ServletResponse;)V+107
j  org.springframework.security.web.savedrequest.RequestCacheAwareFilter.doFilter(Ljakarta/servlet/ServletRequest;Ljakarta/servlet/ServletResponse;Ljakarta/servlet/FilterChain;)V+32
j  org.springframework.security.web.FilterChainProxy$VirtualFilterChain.doFilter(Ljakarta/servlet/ServletRequest;Ljakarta/servlet/ServletResponse;)V+107
j  com.docmate.security.JwtAuthenticationFilter.doFilterInternal(Ljakarta/servlet/http/HttpServletRequest;Ljakarta/servlet/http/HttpServletResponse;Ljakarta/servlet/FilterChain;)V+103
j  org.springframework.web.filter.OncePerRequestFilter.doFilter(Ljakarta/servlet/ServletRequest;Ljakarta/servlet/ServletResponse;Ljakarta/servlet/FilterChain;)V+150
j  org.springframework.security.web.FilterChainProxy$VirtualFilterChain.doFilter(Ljakarta/servlet/ServletRequest;Ljakarta/servlet/ServletResponse;)V+107
j  org.springframework.security.web.authentication.logout.LogoutFilter.doFilter(Ljakarta/servlet/http/HttpServletRequest;Ljakarta/servlet/http/HttpServletResponse;Ljakarta/servlet/FilterChain;)V+83
j  org.springframework.security.web.authentication.logout.LogoutFilter.doFilter(Ljakarta/servlet/ServletRequest;Ljakarta/servlet/ServletResponse;Ljakarta/servlet/FilterChain;)V+10
j  org.springframework.security.web.FilterChainProxy$VirtualFilterChain.doFilter(Ljakarta/servlet/ServletRequest;Ljakarta/servlet/ServletResponse;)V+107
j  org.springframework.security.web.header.HeaderWriterFilter.doHeadersAfter(Ljakarta/servlet/http/HttpServletRequest;Ljakarta/servlet/http/HttpServletResponse;Ljakarta/servlet/FilterChain;)V+29
j  org.springframework.security.web.header.HeaderWriterFilter.doFilterInternal(Ljakarta/servlet/http/HttpServletRequest;Ljakarta/servlet/http/HttpServletResponse;Ljakarta/servlet/FilterChain;)V+21
j  org.springframework.web.filter.OncePerRequestFilter.doFilter(Ljakarta/servlet/ServletRequest;Ljakarta/servlet/ServletResponse;Ljakarta/servlet/FilterChain;)V+150
j  org.springframework.security.web.FilterChainProxy$VirtualFilterChain.doFilter(Ljakarta/servlet/ServletRequest;Ljakarta/servlet/ServletResponse;)V+107
j  org.springframework.security.web.context.SecurityContextHolderFilter.doFilter(Ljakarta/servlet/http/HttpServletRequest;Ljakarta/servlet/http/HttpServletResponse;Ljakarta/servlet/FilterChain;)V+59
j  org.springframework.security.web.context.SecurityContextHolderFilter.doFilter(Ljakarta/servlet/ServletRequest;Ljakarta/servlet/ServletResponse;Ljakarta/servlet/FilterChain;)V+10
j  org.springframework.security.web.FilterChainProxy$VirtualFilterChain.doFilter(Ljakarta/servlet/ServletRequest;Ljakarta/servlet/ServletResponse;)V+107
j  org.springframework.security.web.context.request.async.WebAsyncManagerIntegrationFilter.doFilterInternal(Ljakarta/servlet/http/HttpServletRequest;Ljakarta/servlet/http/HttpServletResponse;Ljakarta/servlet/FilterChain;)V+55
j  org.springframework.web.filter.OncePerRequestFilter.doFilter(Ljakarta/servlet/ServletRequest;Ljakarta/servlet/ServletResponse;Ljakarta/servlet/FilterChain;)V+150
j  org.springframework.security.web.FilterChainProxy$VirtualFilterChain.doFilter(Ljakarta/servlet/ServletRequest;Ljakarta/servlet/ServletResponse;)V+107
j  org.springframework.security.web.session.DisableEncodeUrlFilter.doFilterInternal(Ljakarta/servlet/http/HttpServletRequest;Ljakarta/servlet/http/HttpServletResponse;Ljakarta/servlet/FilterChain;)V+10
j  org.springframework.web.filter.OncePerRequestFilter.doFilter(Ljakarta/servlet/ServletRequest;Ljakarta/servlet/ServletResponse;Ljakarta/servlet/FilterChain;)V+150
j  org.springframework.security.web.FilterChainProxy$VirtualFilterChain.doFilter(Ljakarta/servlet/ServletRequest;Ljakarta/servlet/ServletResponse;)V+107
j  org.springframework.security.web.FilterChainProxy.doFilterInternal(Ljakarta/servlet/ServletRequest;Ljakarta/servlet/ServletResponse;Ljakarta/servlet/FilterChain;)V+163
j  org.springframework.security.web.FilterChainProxy.doFilter(Ljakarta/servlet/ServletRequest;Ljakarta/servlet/ServletResponse;Ljakarta/servlet/FilterChain;)V+48
j  org.springframework.web.filter.CompositeFilter$VirtualFilterChain.doFilter(Ljakarta/servlet/ServletRequest;Ljakarta/servlet/ServletResponse;)V+63
j  org.springframework.web.filter.ServletRequestPathFilter.doFilter(Ljakarta/servlet/ServletRequest;Ljakarta/servlet/ServletResponse;Ljakarta/servlet/FilterChain;)V+25
j  org.springframework.web.filter.CompositeFilter$VirtualFilterChain.doFilter(Ljakarta/servlet/ServletRequest;Ljakarta/servlet/ServletResponse;)V+63
j  org.springframework.web.filter.CompositeFilter.doFilter(Ljakarta/servlet/ServletRequest;Ljakarta/servlet/ServletResponse;Ljakarta/servlet/FilterChain;)V+14
j  org.springframework.security.config.annotation.web.configuration.WebSecurityConfiguration$CompositeFilterChainProxy.doFilter(Ljakarta/servlet/ServletRequest;Ljakarta/servlet/ServletResponse;Ljakarta/servlet/FilterChain;)V+7
j  org.springframework.web.filter.DelegatingFilterProxy.invokeDelegate(Ljakarta/servlet/Filter;Ljakarta/servlet/ServletRequest;Ljakarta/servlet/ServletResponse;Ljakarta/servlet/FilterChain;)V+5
j  org.springframework.web.filter.DelegatingFilterProxy.doFilter(Ljakarta/servlet/ServletRequest;Ljakarta/servlet/ServletResponse;Ljakarta/servlet/FilterChain;)V+98
j  org.apache.catalina.core.ApplicationFilterChain.doFilter(Ljakarta/servlet/ServletRequest;Ljakarta/servlet/ServletResponse;)V+69
j  org.springframework.web.filter.RequestContextFilter.doFilterInternal(Ljakarta/servlet/http/HttpServletRequest;Ljakarta/servlet/http/HttpServletResponse;Ljakarta/servlet/FilterChain;)V+21
j  org.springframework.web.filter.OncePerRequestFilter.doFilter(Ljakarta/servlet/ServletRequest;Ljakarta/servlet/ServletResponse;Ljakarta/servlet/FilterChain;)V+150
j  org.apache.catalina.core.ApplicationFilterChain.doFilter(Ljakarta/servlet/ServletRequest;Ljakarta/servlet/ServletResponse;)V+69
j  org.springframework.web.filter.FormContentFilter.doFilterInternal(Ljakarta/servlet/http/HttpServletRequest;Ljakarta/servlet/http/HttpServletResponse;Ljakarta/servlet/FilterChain;)V+38
j  org.springframework.web.filter.OncePerRequestFilter.doFilter(Ljakarta/servlet/ServletRequest;Ljakarta/servlet/ServletResponse;Ljakarta/servlet/FilterChain;)V+150
j  org.apache.catalina.core.ApplicationFilterChain.doFilter(Ljakarta/servlet/ServletRequest;Ljakarta/servlet/ServletResponse;)V+69
j  org.springframework.web.filter.CharacterEncodingFilter.doFilterInternal(Ljakarta/servlet/http/HttpServletRequest;Ljakarta/servlet/http/HttpServletResponse;Ljakarta/servlet/FilterChain;)V+53
j  org.springframework.web.filter.OncePerRequestFilter.doFilter(Ljakarta/servlet/ServletRequest;Ljakarta/servlet/ServletResponse;Ljakarta/servlet/FilterChain;)V+150
j  org.apache.catalina.core.ApplicationFilterChain.doFilter(Ljakarta/servlet/ServletRequest;Ljakarta/servlet/ServletResponse;)V+69
j  org.apache.catalina.core.StandardWrapperValve.invoke(Lorg/apache/catalina/connector/Request;Lorg/apache/catalina/connector/Response;)V+510
j  org.apache.catalina.core.StandardContextValve.invoke(Lorg/apache/catalina/connector/Request;Lorg/apache/catalina/connector/Response;)V+124
j  org.apache.catalina.authenticator.AuthenticatorBase.invoke(Lorg/apache/catalina/connector/Request;Lorg/apache/catalina/connector/Response;)V+221
j  org.apache.catalina.core.StandardHostValve.invoke(Lorg/apache/catalina/connector/Request;Lorg/apache/catalina/connector/Response;)V+125
j  org.apache.catalina.valves.ErrorReportValve.invoke(Lorg/apache/catalina/connector/Request;Lorg/apache/catalina/connector/Response;)V+6
j  org.apache.catalina.core.StandardEngineValve.invoke(Lorg/apache/catalina/connector/Request;Lorg/apache/catalina/connector/Response;)V+59
j  org.apache.catalina.connector.CoyoteAdapter.service(Lorg/apache/coyote/Request;Lorg/apache/coyote/Response;)V+179
j  org.apache.coyote.http11.Http11Processor.service(Lorg/apache/tomcat/util/net/SocketWrapperBase;)Lorg/apache/tomcat/util/net/AbstractEndpoint$Handler$SocketState;+796
j  org.apache.coyote.AbstractProcessorLight.process(Lorg/apache/tomcat/util/net/SocketWrapperBase;Lorg/apache/tomcat/util/net/SocketEvent;)Lorg/apache/tomcat/util/net/AbstractEndpoint$Handler$SocketState;+155
j  org.apache.coyote.AbstractProtocol$ConnectionHandler.process(Lorg/apache/tomcat/util/net/SocketWrapperBase;Lorg/apache/tomcat/util/net/SocketEvent;)Lorg/apache/tomcat/util/net/AbstractEndpoint$Handler$SocketState;+477
j  org.apache.tomcat.util.net.NioEndpoint$SocketProcessor.doRun()V+222
j  org.apache.tomcat.util.net.SocketProcessorBase.run()V+32
j  org.apache.tomcat.util.threads.ThreadPoolExecutor.runWorker(Lorg/apache/tomcat/util/threads/ThreadPoolExecutor$Worker;)V+92
j  org.apache.tomcat.util.threads.ThreadPoolExecutor$Worker.run()V+5
j  org.apache.tomcat.util.threads.TaskThread$WrappingRunnable.run()V+4
j  java.lang.Thread.runWith(Ljava/lang/Object;Ljava/lang/Runnable;)V+5 java.base@21.0.11
j  java.lang.Thread.run()V+19 java.base@21.0.11
v  ~StubRoutines::call_stub 0x00007874b4800cc6

siginfo: si_signo: 11 (SIGSEGV), si_code: 1 (SEGV_MAPERR), si_addr: 0x000000000000000c

Registers:
RAX=0x0000000000000000, RBX=0x00007874560f2610, RCX=0x0000000000000000, RDX=0x0000000000000000
RSP=0x00007874560f25b0, RBP=0x00007874560f2790, RSI=0x0000000000000000, RDI=0x00007874560f26c0
R8 =0x0000000000000000, R9 =0x0000000000000000, R10=0x00007873dd64cb60, R11=0x0000000000000200
R12=0x00007873dc315b70, R13=0x00007873dc05c200, R14=0x0000000000000001, R15=0x00007874560f2a50
RIP=0x0000787454ca9cd2, EFLAGS=0x0000000000010246, CSGSFS=0x002b000000000033, ERR=0x0000000000000004
  TRAPNO=0x000000000000000e

XMM[0]=0x00007873dd435830 0x00007873dc344d00
XMM[1]=0x0000000000000000 0x0000000000000000
XMM[2]=0x00000000007873dd 0x597de000007873dc
XMM[3]=0x0000000000000000 0x00007873dd435830
XMM[4]=0x00007873dd419a10 0x00007873dc2a9b70
XMM[5]=0x0000000000000000 0x00007873dd597de0
XMM[6]=0x00000000007873dd 0x5b209000007873dd
XMM[7]=0x00007873dc344d00 0x00007873dd597de0
XMM[8]=0x0000000000000000 0x402a000000000000
XMM[9]=0x0000000000000000 0x000000004081999a
XMM[10]=0x0000000000000000 0x0000000080000000
XMM[11]=0x0000000000000000 0x000000004001999a
XMM[12]=0x0000000000000000 0x000000003f800000
XMM[13]=0x0000000000000000 0x000000003f800000
XMM[14]=0x0000000000000000 0x000000003f800000
XMM[15]=0x0000000000000000 0x0202020202020202
  MXCSR=0x00001fa2


Register to memory mapping:

RAX=0x0 is null
RBX=0x00007874560f2610 is pointing into the stack for thread: 0x00007874c23bad10
RCX=0x0 is null
RDX=0x0 is null
RSP=0x00007874560f25b0 is pointing into the stack for thread: 0x00007874c23bad10
RBP=0x00007874560f2790 is pointing into the stack for thread: 0x00007874c23bad10
RSI=0x0 is null
RDI=0x00007874560f26c0 is pointing into the stack for thread: 0x00007874c23bad10
R8 =0x0 is null
R9 =0x0 is null
R10=0x00007873dd64cb60 points into unknown readable memory: 0x000000000001cc20 | 20 cc 01 00 00 00 00 00
R11=0x0000000000000200 is an unknown value
R12=0x00007873dc315b70 points into unknown readable memory: 0x0000787454f01428 | 28 14 f0 54 74 78 00 00
R13=0x00007873dc05c200 points into unknown readable memory: 0x0000000000000000 | 00 00 00 00 00 00 00 00
R14=0x0000000000000001 is an unknown value
R15=0x00007874560f2a50 is pointing into the stack for thread: 0x00007874c23bad10

Top of Stack: (sp=0x00007874560f25b0)
0x00007874560f25b0:   0000000000000000 0000000000000000   ................
0x00007874560f25c0:   00007873dd601d18 0000000000000000   ..`.sx..........
0x00007874560f25d0:   00007873dc05c200 00000000dd601c80   ....sx....`.....
0x00007874560f25e0:   00007873dd601c80 0000000000000000   ..`.sx..........
0x00007874560f25f0:   0000000000000000 56f814930b1a0b00   ...............V
0x00007874560f2600:   0000000000000001 00007873dd613be0   .........;a.sx..
0x00007874560f2610:   00007873dc05c200 0000000000000000   ....sx..........
0x00007874560f2620:   0000000000000000 0000000000000000   ................
0x00007874560f2630:   00007873dd5b2090 00007873dc2a9b50   . [.sx..P.*.sx..
0x00007874560f2640:   00007873dd43a770 00007873dd597de0   p.C.sx...}Y.sx..
0x00007874560f2650:   00007873dc2a08a0 00007873dd43a770   ..*.sx..p.C.sx..
0x00007874560f2660:   00007873dc05c208 00007873dd43a770   ....sx..p.C.sx..
0x00007874560f2670:   00007873dd43a770 00007873dd43a770   p.C.sx..p.C.sx..
0x00007874560f2680:   00007873dd43a770 00007873dd000000   p.C.sx......sx..
0x00007874560f2690:   00007873dd43a798 00007873dc2a9b50   ..C.sx..P.*.sx..
0x00007874560f26a0:   00007873dc2a08a0 00007873dd495500   ..*.sx...UI.sx..
0x00007874560f26b0:   00007873dc2a9b50 00007873dc010000   P.*.sx......sx..
0x00007874560f26c0:   00007873dc2a08c0 00007873dd597de0   ..*.sx...}Y.sx..
0x00007874560f26d0:   00007873dc344d00 00007873dd435830   .M4.sx..0XC.sx..
0x00007874560f26e0:   00007873dd597de0 00007873dc010000   .}Y.sx......sx..
0x00007874560f26f0:   00007873dc2a9b70 00007873dd419a10   p.*.sx....A.sx..
0x00007874560f2700:   00007873dd5b2090 00007873dd5988a0   . [.sx....Y.sx..
0x00007874560f2710:   00007873dd5b2090 0000000000000000   . [.sx..........
0x00007874560f2720:   00007873dc2a08c0 00007873dd435830   ..*.sx..0XC.sx..
0x00007874560f2730:   00007873dd597de0 00007873dc344d00   .}Y.sx...M4.sx..
0x00007874560f2740:   00007873dd597de0 0000787454000000   .}Y.sx.....Ttx..
0x00007874560f2750:   0000000000000000 56f814930b1a0b00   ...............V
0x00007874560f2760:   0000000000000000 00007873dc05be50   ........P...sx..
0x00007874560f2770:   0000000000000000 00007873dc05c200   ............sx..
0x00007874560f2780:   0000000000000001 00007874560f2a50   ........P*.Vtx..
0x00007874560f2790:   00007874560f2820 0000787454c832a6    (.Vtx...2.Ttx..
0x00007874560f27a0:   00007874560f299c 0000000000000000   .).Vtx..........

Instructions: (pc=0x0000787454ca9cd2)
0x0000787454ca9bd2:   08 48 85 d2 74 04 48 8b 52 08 48 8b 80 20 01 00
0x0000787454ca9be2:   00 48 85 c0 74 c0 8b 48 74 85 c9 74 b9 48 8b 40
0x0000787454ca9bf2:   10 48 8d 0c 88 66 0f 1f 84 00 00 00 00 00 8b 30
0x0000787454ca9c02:   85 f6 75 aa 48 83 c0 04 48 39 c1 75 f1 48 85 d2
0x0000787454ca9c12:   74 94 8b 42 10 8d 50 ff 83 fa 02 76 89 83 f8 06
0x0000787454ca9c22:   74 84 8d 50 f9 83 fa 01 0f 86 78 ff ff ff 83 f8
0x0000787454ca9c32:   05 0f 85 77 ff ff ff e9 6a ff ff ff 66 90 48 83
0x0000787454ca9c42:   bd 58 fe ff ff 00 74 10 48 8b 85 58 fe ff ff ba
0x0000787454ca9c52:   64 00 00 00 66 89 50 02 b8 01 00 00 00 48 8b 55
0x0000787454ca9c62:   c8 64 48 2b 14 25 28 00 00 00 0f 85 e7 05 00 00
0x0000787454ca9c72:   48 81 c4 b8 01 00 00 5b 41 5c 41 5d 41 5e 41 5f
0x0000787454ca9c82:   5d c3 0f 1f 40 00 48 83 bd 58 fe ff ff 00 0f 84
0x0000787454ca9c92:   22 03 00 00 48 8b 95 38 fe ff ff 48 89 de 4c 89
0x0000787454ca9ca2:   e7 e8 c8 55 00 00 e9 bd fe ff ff 0f 1f 00 31 f6
0x0000787454ca9cb2:   48 89 df e8 96 3f 07 00 41 8b 84 24 68 15 00 00
0x0000787454ca9cc2:   85 c0 0f 8f 89 02 00 00 49 8b 84 24 00 0a 00 00
0x0000787454ca9cd2:   80 78 0c 00 0f 85 70 05 00 00 4d 8b ac 24 68 4b
0x0000787454ca9ce2:   02 00 4d 8b bc 24 60 4b 02 00 4d 39 ef 75 21 eb
0x0000787454ca9cf2:   3a 0f 1f 44 00 00 48 8b 97 00 0a 00 00 80 7a 0c
0x0000787454ca9d02:   00 0f 85 87 02 00 00 49 83 c7 08 4d 39 fd 74 1b
0x0000787454ca9d12:   49 8b 3f 8b 87 68 15 00 00 85 c0 7e d9 e8 dc ce
0x0000787454ca9d22:   08 00 49 83 c7 08 4d 39 fd 75 e5 4c 8d bd 60 fe
0x0000787454ca9d32:   ff ff 66 0f ef c0 be 01 00 00 00 4c 8b 85 40 fe
0x0000787454ca9d42:   ff ff 48 8b 8d 28 fe ff ff 48 8b 95 38 fe ff ff
0x0000787454ca9d52:   4d 89 f9 4c 89 e7 48 c7 85 70 fe ff ff 00 00 00
0x0000787454ca9d62:   00 0f 29 85 60 fe ff ff e8 e1 56 ff ff 45 8b b4
0x0000787454ca9d72:   24 a4 3b 02 00 45 85 f6 74 0b 4c 89 fe 4c 89 e7
0x0000787454ca9d82:   e8 c9 21 04 00 48 8b 85 68 fe ff ff 45 31 ed 4d
0x0000787454ca9d92:   89 f8 48 89 d9 48 2b 85 60 fe ff ff 4c 89 e7 48
0x0000787454ca9da2:   ba cd cc cc cc cc cc cc cc 41 c7 84 24 34 4b 02
0x0000787454ca9db2:   00 00 00 00 00 48 c1 f8 04 4d 89 a4 24 78 4b 02
0x0000787454ca9dc2:   00 be 01 00 00 00 49 c7 84 24 24 4b 02 00 00 00


Stack slot to memory mapping:

stack at sp + 0 slots: 0x0 is null
stack at sp + 1 slots: 0x0 is null
stack at sp + 2 slots: 0x00007873dd601d18 points into unknown readable memory: 0x00007873dd601c80 | 80 1c 60 dd 73 78 00 00
stack at sp + 3 slots: 0x0 is null
stack at sp + 4 slots: 0x00007873dc05c200 points into unknown readable memory: 0x0000000000000000 | 00 00 00 00 00 00 00 00
stack at sp + 5 slots: 0x00000000dd601c80 is an unknown value
stack at sp + 6 slots: 0x00007873dd601c80 points into unknown readable memory: 0x00007873dd601c80 | 80 1c 60 dd 73 78 00 00
stack at sp + 7 slots: 0x0 is null


Compiled method (c1) 130234 2368       1       java.lang.invoke.LambdaForm$MH/0x0000787458090000::invoke (35 bytes)
 total in heap  [0x00007874b4e72890,0x00007874b4e72d28] = 1176
 relocation     [0x00007874b4e729e8,0x00007874b4e72a40] = 88
 main code      [0x00007874b4e72a40,0x00007874b4e72bb8] = 376
 stub code      [0x00007874b4e72bb8,0x00007874b4e72c08] = 80
 oops           [0x00007874b4e72c08,0x00007874b4e72c10] = 8
 metadata       [0x00007874b4e72c10,0x00007874b4e72c18] = 8
 scopes data    [0x00007874b4e72c18,0x00007874b4e72c60] = 72
 scopes pcs     [0x00007874b4e72c60,0x00007874b4e72d00] = 160
 dependencies   [0x00007874b4e72d00,0x00007874b4e72d08] = 8
 nul chk table  [0x00007874b4e72d08,0x00007874b4e72d28] = 32

[Constant Pool (empty)]

[MachCode]
[Verified Entry Point]
  # {method} {0x000078744c5f0298} 'invoke' '(Ljava/lang/Object;Ljava/lang/Object;)Ljava/lang/Object;' in 'java/lang/invoke/LambdaForm$MH+0x0000787458090000'
  # parm0:    rsi:rsi   = 'java/lang/Object'
  # parm1:    rdx:rdx   = 'java/lang/Object'
  #           [sp+0x40]  (sp of caller)
  0x00007874b4e72a40: 8984 2400 | c0fe ff55 | 4883 ec30 | 4181 7f20 | 0b00 0000 

  0x00007874b4e72a54: ;   {runtime_call StubRoutines (final stubs)}
  0x00007874b4e72a54: 7405 e8c5 | 379c ff48 | 85f6 0f84 | 2800 0000 

  0x00007874b4e72a64: ;   {metadata('java/lang/invoke/BoundMethodHandle$Species_LL')}
  0x00007874b4e72a64: 48b8 6844 | 2357 7478 | 0000 8b7e | 0849 ba00 | 0000 5774 | 7800 0049 | 03fa 483b | c70f 85c8 
  0x00007874b4e72a84: 0000 00e9 | 0000 0000 | 488b fe8b | 7724 48c1 | e603 4885 | f60f 8429 

  0x00007874b4e72a9c: ;   {metadata('java/lang/invoke/MethodHandle')}
  0x00007874b4e72a9c: 0000 0048 | b918 f105 | 5774 7800 | 008b 4608 | 49ba 0000 | 0057 7478 | 0000 4903 | c248 3b48 
  0x00007874b4e72abc: 380f 859a | 0000 00e9 | 0000 0000 

  0x00007874b4e72ac8: ; implicit exception: dispatches to 0x00007874b4e72b66
  0x00007874b4e72ac8: 483b 0648 | 897c 2418 | 0f1f 8000 

  0x00007874b4e72ad4: ;   {optimized virtual_call}
  0x00007874b4e72ad4: 0000 00e8 

  0x00007874b4e72ad8: ; ImmutableOopMap {[24]=Oop }
                      ;*invokevirtual invokeBasic {reexecute=0 rethrow=0 return_oop=0}
                      ; - java.lang.invoke.LambdaForm$MH/0x0000787458090000::invoke@15
  0x00007874b4e72ad8: 2456 bbff 

  0x00007874b4e72adc: ;   {other}
  0x00007874b4e72adc: 0f1f 8400 | 4c02 0000 | 488b 7c24 | 188b 5720 | 48c1 e203 | 4885 d20f | 8429 0000 

  0x00007874b4e72af8: ;   {metadata('java/lang/invoke/MethodHandle')}
  0x00007874b4e72af8: 0048 bb18 | f105 5774 | 7800 008b | 7a08 49ba | 0000 0057 | 7478 0000 | 4903 fa48 | 3b5f 380f 
  0x00007874b4e72b18: 854e 0000 | 00e9 0000 | 0000 488b | f248 3b06 | 488b d00f 

  0x00007874b4e72b2c: ;   {optimized virtual_call}
  0x00007874b4e72b2c: 1f40 00e8 

  0x00007874b4e72b30: ; ImmutableOopMap {}
                      ;*invokevirtual invokeBasic {reexecute=0 rethrow=0 return_oop=0}
                      ; - java.lang.invoke.LambdaForm$MH/0x0000787458090000::invoke@31
  0x00007874b4e72b30: cc55 bbff 

  0x00007874b4e72b34: ;   {other}
  0x00007874b4e72b34: 0f1f 8400 | a402 0001 | 4883 c430 

  0x00007874b4e72b40: ;   {poll_return}
  0x00007874b4e72b40: 5d49 3ba7 | 5004 0000 | 0f87 2b00 | 0000 c348 

  0x00007874b4e72b50: ;   {runtime_call throw_class_cast_exception Runtime1 stub}
  0x00007874b4e72b50: 8934 24e8 

  0x00007874b4e72b54: ; ImmutableOopMap {rdx=Oop }
                      ;*checkcast {reexecute=0 rethrow=0 return_oop=0}
                      ; - java.lang.invoke.LambdaForm$MH/0x0000787458090000::invoke@1
  0x00007874b4e72b54: c8e6 a9ff 

  0x00007874b4e72b58: ;   {runtime_call throw_null_pointer_exception Runtime1 stub}
  0x00007874b4e72b58: e843 a2a9 

  0x00007874b4e72b5c: ; ImmutableOopMap {rdx=Oop rdi=Oop }
                      ;*getfield argL1 {reexecute=1 rethrow=0 return_oop=0}
                      ; - (reexecute) java.lang.invoke.LambdaForm$MH/0x0000787458090000::invoke@6
  0x00007874b4e72b5c: ff48 8934 

  0x00007874b4e72b60: ;   {runtime_call throw_class_cast_exception Runtime1 stub}
  0x00007874b4e72b60: 24e8 bae6 

  0x00007874b4e72b64: ; ImmutableOopMap {rdx=Oop rdi=Oop }
                      ;*checkcast {reexecute=0 rethrow=0 return_oop=0}
                      ; - java.lang.invoke.LambdaForm$MH/0x0000787458090000::invoke@11
                      ;   {runtime_call throw_null_pointer_exception Runtime1 stub}
  0x00007874b4e72b64: a9ff e835 

  0x00007874b4e72b68: ; ImmutableOopMap {rdx=Oop rdi=Oop rsi=Oop }
                      ;*invokevirtual invokeBasic {reexecute=0 rethrow=0 return_oop=0}
                      ; - java.lang.invoke.LambdaForm$MH/0x0000787458090000::invoke@15
  0x00007874b4e72b68: a2a9 ff48 

  0x00007874b4e72b6c: ;   {runtime_call throw_class_cast_exception Runtime1 stub}
  0x00007874b4e72b6c: 8914 24e8 

  0x00007874b4e72b70: ; ImmutableOopMap {rax=Oop }
                      ;*checkcast {reexecute=0 rethrow=0 return_oop=0}
                      ; - java.lang.invoke.LambdaForm$MH/0x0000787458090000::invoke@27
  0x00007874b4e72b70: ace6 a9ff 

  0x00007874b4e72b74: ;   {runtime_call throw_null_pointer_exception Runtime1 stub}
  0x00007874b4e72b74: e827 a2a9 

  0x00007874b4e72b78: ; ImmutableOopMap {rax=Oop rsi=Oop }
                      ;*invokevirtual invokeBasic {reexecute=0 rethrow=0 return_oop=0}
                      ; - java.lang.invoke.LambdaForm$MH/0x0000787458090000::invoke@31
                      ;   {internal_word}
  0x00007874b4e72b78: ff49 ba41 | 2be7 b474 | 7800 004d | 8997 6804 

  0x00007874b4e72b88: ;   {runtime_call SafepointBlob}
  0x00007874b4e72b88: 0000 e971 | 389e ff49 | 8b87 0005 | 0000 49c7 | 8700 0500 | 0000 0000 | 0049 c787 | 0805 0000 
  0x00007874b4e72ba8: 0000 0000 | 4883 c430 

  0x00007874b4e72bb0: ;   {runtime_call unwind_exception Runtime1 stub}
  0x00007874b4e72bb0: 5de9 4a82 | a9ff f4f4 
[Stub Code]
  0x00007874b4e72bb8: ;   {no_reloc}
  0x00007874b4e72bb8: 48bb 0000 | 0000 0000 

  0x00007874b4e72bc0: ;   {runtime_call nmethod}
  0x00007874b4e72bc0: 0000 e9fb 

  0x00007874b4e72bc4: ;   {runtime_call handle_exception_from_callee Runtime1 stub}
  0x00007874b4e72bc4: ffff ffe8 | 34e0 a9ff 

  0x00007874b4e72bcc: ;   {external_word}
  0x00007874b4e72bcc: 48bf 5321 | 12c6 7478 | 0000 4883 

  0x00007874b4e72bd8: ;   {runtime_call MacroAssembler::debug64(char*, long, long*)}
  0x00007874b4e72bd8: e4f0 e861 | 9fd8 10f4 
[Deopt Handler Code]
  0x00007874b4e72be0: ;   {section_word}
  0x00007874b4e72be0: 49ba e02b | e7b4 7478 | 0000 4152 

  0x00007874b4e72bec: ;   {runtime_call DeoptimizationBlob}
  0x00007874b4e72bec: e9af 4c9e 

  0x00007874b4e72bf0: ;   {section_word}
  0x00007874b4e72bf0: ff49 baf1 | 2be7 b474 | 7800 0041 

  0x00007874b4e72bfc: ;   {runtime_call DeoptimizationBlob}
  0x00007874b4e72bfc: 52e9 9e4c | 9eff f4f4 | f4f4 f4f4 
[/MachCode]


Compiled method (c1) 130246 4061   !   1       jdk.internal.reflect.DirectMethodHandleAccessor::invoke (92 bytes)
 total in heap  [0x00007874b5122990,0x00007874b5124930] = 8096
 relocation     [0x00007874b5122ae8,0x00007874b5122d08] = 544
 main code      [0x00007874b5122d20,0x00007874b5123850] = 2864
 stub code      [0x00007874b5123850,0x00007874b5123978] = 296
 oops           [0x00007874b5123978,0x00007874b5123988] = 16
 metadata       [0x00007874b5123988,0x00007874b51239f0] = 104
 scopes data    [0x00007874b51239f0,0x00007874b5123d30] = 832
 scopes pcs     [0x00007874b5123d30,0x00007874b5124140] = 1040
 dependencies   [0x00007874b5124140,0x00007874b5124148] = 8
 handler table  [0x00007874b5124148,0x00007874b5124868] = 1824
 nul chk table  [0x00007874b5124868,0x00007874b5124930] = 200

[Constant Pool (empty)]

[MachCode]
[Entry Point]
  # {method} {0x00007874571a1f10} 'invoke' '(Ljava/lang/Object;[Ljava/lang/Object;)Ljava/lang/Object;' in 'jdk/internal/reflect/DirectMethodHandleAccessor'
  # this:     rsi:rsi   = 'jdk/internal/reflect/DirectMethodHandleAccessor'
  # parm0:    rdx:rdx   = 'java/lang/Object'
  # parm1:    rcx:rcx   = '[Ljava/lang/Object;'
  #           [sp+0x180]  (sp of caller)
  0x00007874b5122d20: 448b 5608 | 49bb 0000 | 0057 7478 | 0000 4d03 | d34c 3bd0 

  0x00007874b5122d34: ;   {runtime_call ic_miss_stub}
  0x00007874b5122d34: 0f85 46b5 | 72ff 660f | 1f44 0000 
[Verified Entry Point]
  0x00007874b5122d40: 8984 2400 | c0fe ff55 | 4881 ec70 | 0100 0090 | 4181 7f20 | 0c00 0000 

  0x00007874b5122d58: ;   {runtime_call StubRoutines (final stubs)}
  0x00007874b5122d58: 7405 e8c1 | 3471 ff48 | 89b4 24b0 | 0000 0048 | 8994 24c0 | 0000 0048 | 898c 24b8 | 0000 008b 
  0x00007874b5122d78: 7e10 81e7 | 0002 0000 | 81ff 0002 | 0000 bf00 | 0000 0075 | 05bf 0100 | 0000 83e7 | 0185 ff0f 
  0x00007874b5122d98: 8547 0000 | 008b 7e14 | 48c1 e703 

  0x00007874b5122da4: ; implicit exception: dispatches to 0x00007874b51236d1
  0x00007874b5122da4: 8b5a 0849 | ba00 0000 | 5774 7800 | 0049 03da | 488b 5b70 | 488b 1b48 | 3b07 488b | d348 8bf7 
  0x00007874b5122dc4: ;   {optimized virtual_call}
  0x00007874b5122dc4: 6666 90e8 

  0x00007874b5122dc8: ; ImmutableOopMap {[176]=Oop [184]=Oop [192]=Oop }
                      ;*invokevirtual isAssignableFrom {reexecute=0 rethrow=0 return_oop=0}
                      ; - jdk.internal.reflect.DirectMethodHandleAccessor::checkReceiver@8 (line 196)
                      ; - jdk.internal.reflect.DirectMethodHandleAccessor::invoke@9 (line 99)
  0x00007874b5122dc8: 7470 93ff 

  0x00007874b5122dcc: ;   {other}
  0x00007874b5122dcc: 0f1f 8400 | 3c04 0000 | 85c0 0f84 | bd07 0000 | 488b b424 | b000 0000 | 8b56 0c48 | 8bf2 488b 
  0x00007874b5122dec: 9424 b800 | 0000 0f1f 

  0x00007874b5122df4: ;   {static_call}
  0x00007874b5122df4: 4400 00e8 

  0x00007874b5122df8: ; ImmutableOopMap {[176]=Oop [184]=Oop [192]=Oop }
                      ;*invokestatic checkArgumentCount {reexecute=0 rethrow=0 return_oop=0}
                      ; - jdk.internal.reflect.DirectMethodHandleAccessor::invoke@17 (line 101)
  0x00007874b5122df8: 24db ffff 

  0x00007874b5122dfc: ;   {other}
  0x00007874b5122dfc: 0f1f 8400 | 6c04 0001 | 488b b424 | b000 0000 | 8b7e 0c85 | ff0f 841a | 0200 0083 | ff01 0f84 
  0x00007874b5122e1c: 9901 0000 | 83ff 020f | 8400 0100 | 0083 ff03 | 0f84 5700 | 0000 8b7e | 1848 c1e7 | 0348 89bc 
  0x00007874b5122e3c: 24c8 0000 | 008b 5f10 | 48c1 e303 

  0x00007874b5122e48: ;   {oop(a 'java/lang/invoke/MethodType'{0x000000070b400f18} = (Ljava/lang/Object;[Ljava/lang/Object;)Ljava/lang/Object;)}
  0x00007874b5122e48: 48b8 180f | 400b 0700 | 0000 483b | d80f 8534 | 0400 008b | 5f14 48c1 | e303 8b5b | 1c48 c1e3 
  0x00007874b5122e68: 0348 85db | 0f85 2003 | 0000 488b 

  0x00007874b5122e74: ;   {static_call}
  0x00007874b5122e74: f766 90e8 

  0x00007874b5122e78: ; ImmutableOopMap {[176]=Oop [184]=Oop [192]=Oop [200]=Oop }
                      ;*invokestatic maybeCustomize {reexecute=0 rethrow=0 return_oop=0}
                      ; - java.lang.invoke.Invokers::checkCustomized@19 (line 627)
                      ; - java.lang.invoke.Invokers$Holder::invokeExact_MT@14
                      ; - jdk.internal.reflect.DirectMethodHandleAccessor::invokeImpl@104 (line 157)
                      ; - jdk.internal.reflect.DirectMethodHandleAccessor::invoke@23 (line 103)
  0x00007874b5122e78: a49c b4ff 

  0x00007874b5122e7c: ;   {other}
  0x00007874b5122e7c: 0f1f 8400 | ec04 0002 | e909 0300 | 0048 8b8c | 24b8 0000 | 008b 7e18 | 48c1 e703 | 4889 bc24 
  0x00007874b5122e9c: e800 0000 

  0x00007874b5122ea0: ; implicit exception: dispatches to 0x00007874b51236e5
  0x00007874b5122ea0: 8b59 0cb8 | 0200 0000 | 3bc3 0f8d | 3a08 0000 | 8b59 1048 | c1e3 0348 | 899c 24d0 | 0000 008b 
  0x00007874b5122ec0: 4114 48c1 | e003 4889 | 8424 d800 | 0000 8b51 | 1848 c1e2 | 0348 8994 | 24e0 0000 | 008b 4f10 
  0x00007874b5122ee0: 48c1 e103 

  0x00007874b5122ee4: ;   {oop(a 'java/lang/invoke/MethodType'{0x000000070af20d90} = (Ljava/lang/Object;Ljava/lang/Object;Ljava/lang/Object;Ljava/lang/Object;)Ljava/lang/Object;)}
  0x00007874b5122ee4: 49b8 900d | f20a 0700 | 0000 493b | c80f 8568 | 0300 008b | 4f14 48c1 | e103 8b49 | 1c48 c1e1 
  0x00007874b5122f04: 0348 85c9 | 0f85 3402 | 0000 488b | f766 0f1f 

  0x00007874b5122f14: ;   {static_call}
  0x00007874b5122f14: 4400 00e8 

  0x00007874b5122f18: ; ImmutableOopMap {[176]=Oop [192]=Oop [208]=Oop [216]=Oop [224]=Oop [232]=Oop }
                      ;*invokestatic maybeCustomize {reexecute=0 rethrow=0 return_oop=0}
                      ; - java.lang.invoke.Invokers::checkCustomized@19 (line 627)
                      ; - java.lang.invoke.LambdaForm$MH/0x00007874580b8000::invokeExact_MT@15
                      ; - jdk.internal.reflect.DirectMethodHandleAccessor::invokeImpl@92 (line 156)
                      ; - jdk.internal.reflect.DirectMethodHandleAccessor::invoke@23 (line 103)
  0x00007874b5122f18: 049c b4ff 

  0x00007874b5122f1c: ;   {other}
  0x00007874b5122f1c: 0f1f 8400 | 8c05 0003 | e919 0200 | 0048 8b8c | 24b8 0000 | 008b 7e18 | 48c1 e703 | 4889 bc24 
  0x00007874b5122f3c: 0001 0000 

  0x00007874b5122f40: ; implicit exception: dispatches to 0x00007874b51236f9
  0x00007874b5122f40: 8b59 0cb8 | 0100 0000 | 3bc3 0f8d | ae07 0000 | 8b59 1048 | c1e3 0348 | 899c 24f0 | 0000 008b 
  0x00007874b5122f60: 4114 48c1 | e003 4889 | 8424 f800 | 0000 8b57 | 1048 c1e2 

  0x00007874b5122f74: ;   {oop(a 'java/lang/invoke/MethodType'{0x000000070af31ff8} = (Ljava/lang/Object;Ljava/lang/Object;Ljava/lang/Object;)Ljava/lang/Object;)}
  0x00007874b5122f74: 0348 b9f8 | 1ff3 0a07 | 0000 0048 | 3bd1 0f85 | a702 0000 | 8b57 1448 | c1e2 038b | 521c 48c1 
  0x00007874b5122f94: e203 4885 | d20f 855b | 0100 0048 | 8bf7 0f1f 

  0x00007874b5122fa4: ;   {static_call}
  0x00007874b5122fa4: 4400 00e8 

  0x00007874b5122fa8: ; ImmutableOopMap {[176]=Oop [192]=Oop [240]=Oop [248]=Oop [256]=Oop }
                      ;*invokestatic maybeCustomize {reexecute=0 rethrow=0 return_oop=0}
                      ; - java.lang.invoke.Invokers::checkCustomized@19 (line 627)
                      ; - java.lang.invoke.LambdaForm$MH/0x0000787458102000::invokeExact_MT@15
                      ; - jdk.internal.reflect.DirectMethodHandleAccessor::invokeImpl@72 (line 155)
                      ; - jdk.internal.reflect.DirectMethodHandleAccessor::invoke@23 (line 103)
  0x00007874b5122fa8: 749b b4ff 

  0x00007874b5122fac: ;   {other}
  0x00007874b5122fac: 0f1f 8400 | 1c06 0004 | e941 0100 | 0048 8b8c | 24b8 0000 | 008b 7e18 | 48c1 e703 | 4889 bc24 
  0x00007874b5122fcc: 1001 0000 

  0x00007874b5122fd0: ; implicit exception: dispatches to 0x00007874b512370d
  0x00007874b5122fd0: 8379 0c00 | 0f86 3d07 | 0000 8b59 | 1048 c1e3 | 0348 899c | 2408 0100 | 008b 4710 | 48c1 e003 
  0x00007874b5122ff0: ;   {oop(a 'java/lang/invoke/MethodType'{0x000000070af26898} = (Ljava/lang/Object;Ljava/lang/Object;)Ljava/lang/Object;)}
  0x00007874b5122ff0: 48ba 9868 | f20a 0700 | 0000 483b | c20f 85fc | 0100 008b | 4714 48c1 | e003 8b40 | 1c48 c1e0 
  0x00007874b5123010: 0348 85c0 | 0f85 a000 | 0000 488b 

  0x00007874b512301c: ;   {static_call}
  0x00007874b512301c: f766 90e8 

  0x00007874b5123020: ; ImmutableOopMap {[176]=Oop [192]=Oop [264]=Oop [272]=Oop }
                      ;*invokestatic maybeCustomize {reexecute=0 rethrow=0 return_oop=0}
                      ; - java.lang.invoke.Invokers::checkCustomized@19 (line 627)
                      ; - java.lang.invoke.Invokers$Holder::invokeExact_MT@14
                      ; - jdk.internal.reflect.DirectMethodHandleAccessor::invokeImpl@55 (line 154)
                      ; - jdk.internal.reflect.DirectMethodHandleAccessor::invoke@23 (line 103)
  0x00007874b5123020: fc9a b4ff 

  0x00007874b5123024: ;   {other}
  0x00007874b5123024: 0f1f 8400 | 9406 0005 | e989 0000 | 008b 7e18 | 48c1 e703 | 4889 bc24 | 1801 0000 

  0x00007874b5123040: ; implicit exception: dispatches to 0x00007874b5123733
  0x00007874b5123040: 8b5f 1048 

  0x00007874b5123044: ;   {oop(a 'java/lang/invoke/MethodType'{0x000000070af264d8} = (Ljava/lang/Object;)Ljava/lang/Object;)}
  0x00007874b5123044: c1e3 0348 | b8d8 64f2 | 0a07 0000 | 0048 3bd8 | 0f85 7801 | 0000 8b5f | 1448 c1e3 | 038b 5b1c 
  0x00007874b5123064: 48c1 e303 | 4885 db0f | 8513 0000 | 0048 8bf7 

  0x00007874b5123074: ;   {static_call}
  0x00007874b5123074: 6666 90e8 

  0x00007874b5123078: ; ImmutableOopMap {[176]=Oop [192]=Oop [280]=Oop }
                      ;*invokestatic maybeCustomize {reexecute=0 rethrow=0 return_oop=0}
                      ; - java.lang.invoke.Invokers::checkCustomized@19 (line 627)
                      ; - java.lang.invoke.Invokers$Holder::invokeExact_MT@14
                      ; - jdk.internal.reflect.DirectMethodHandleAccessor::invokeImpl@41 (line 153)
                      ; - jdk.internal.reflect.DirectMethodHandleAccessor::invoke@23 (line 103)
  0x00007874b5123078: a49a b4ff 

  0x00007874b512307c: ;   {other}
  0x00007874b512307c: 0f1f 8400 | ec06 0006 | 488b 9424 | c000 0000 | 488b b424 | 1801 0000 

  0x00007874b5123094: ;   {optimized virtual_call}
  0x00007874b5123094: 6666 90e8 

  0x00007874b5123098: ; ImmutableOopMap {[176]=Oop }
                      ;*invokevirtual invokeBasic {reexecute=0 rethrow=0 return_oop=0}
                      ; - java.lang.invoke.Invokers$Holder::invokeExact_MT@19
                      ; - jdk.internal.reflect.DirectMethodHandleAccessor::invokeImpl@41 (line 153)
                      ; - jdk.internal.reflect.DirectMethodHandleAccessor::invoke@23 (line 103)
  0x00007874b5123098: 6450 90ff 

  0x00007874b512309c: ;   {other}
  0x00007874b512309c: 0f1f 8400 | 0c07 0007 | 4881 c470 | 0100 005d 

  0x00007874b51230ac: ;   {poll_return}
  0x00007874b51230ac: 493b a750 | 0400 000f | 8784 0600 | 00c3 488b | 9424 c000 | 0000 488b | 8c24 0801 | 0000 488b 
  0x00007874b51230cc: b424 1001 | 0000 0f1f 

  0x00007874b51230d4: ;   {optimized virtual_call}
  0x00007874b51230d4: 4400 00e8 

  0x00007874b51230d8: ; ImmutableOopMap {[176]=Oop }
                      ;*invokevirtual invokeBasic {reexecute=0 rethrow=0 return_oop=0}
                      ; - java.lang.invoke.Invokers$Holder::invokeExact_MT@20
                      ; - jdk.internal.reflect.DirectMethodHandleAccessor::invokeImpl@55 (line 154)
                      ; - jdk.internal.reflect.DirectMethodHandleAccessor::invoke@23 (line 103)
  0x00007874b51230d8: 244b 8fff 

  0x00007874b51230dc: ;   {other}
  0x00007874b51230dc: 0f1f 8400 | 4c07 0008 | 4881 c470 | 0100 005d 

  0x00007874b51230ec: ;   {poll_return}
  0x00007874b51230ec: 493b a750 | 0400 000f | 875a 0600 | 00c3 488b | 9424 c000 | 0000 488b | 8c24 f000 | 0000 4c8b 
  0x00007874b512310c: 8424 f800 | 0000 488b | b424 0001 | 0000 0f1f 

  0x00007874b512311c: ;   {optimized virtual_call}
  0x00007874b512311c: 4400 00e8 

  0x00007874b5123120: ; ImmutableOopMap {[176]=Oop }
                      ;*invokevirtual invokeBasic {reexecute=0 rethrow=0 return_oop=0}
                      ; - java.lang.invoke.LambdaForm$MH/0x0000787458102000::invokeExact_MT@22
                      ; - jdk.internal.reflect.DirectMethodHandleAccessor::invokeImpl@72 (line 155)
                      ; - jdk.internal.reflect.DirectMethodHandleAccessor::invoke@23 (line 103)
  0x00007874b5123120: 5c0c 94ff 

  0x00007874b5123124: ;   {other}
  0x00007874b5123124: 0f1f 8400 | 9407 0009 | 4881 c470 | 0100 005d 

  0x00007874b5123134: ;   {poll_return}
  0x00007874b5123134: 493b a750 | 0400 000f | 8728 0600 | 00c3 488b | 9424 c000 | 0000 488b | 8c24 d000 | 0000 4c8b 
  0x00007874b5123154: 8424 d800 | 0000 4c8b | 8c24 e000 | 0000 488b | b424 e800 | 0000 0f1f 

  0x00007874b512316c: ;   {optimized virtual_call}
  0x00007874b512316c: 4400 00e8 

  0x00007874b5123170: ; ImmutableOopMap {[176]=Oop }
                      ;*invokevirtual invokeBasic {reexecute=0 rethrow=0 return_oop=0}
                      ; - java.lang.invoke.LambdaForm$MH/0x00007874580b8000::invokeExact_MT@24
                      ; - jdk.internal.reflect.DirectMethodHandleAccessor::invokeImpl@92 (line 156)
                      ; - jdk.internal.reflect.DirectMethodHandleAccessor::invoke@23 (line 103)
  0x00007874b5123170: 8c52 94ff 

  0x00007874b5123174: ;   {other}
  0x00007874b5123174: 0f1f 8400 | e407 000a | 4881 c470 | 0100 005d 

  0x00007874b5123184: ;   {poll_return}
  0x00007874b5123184: 493b a750 | 0400 000f | 87ee 0500 | 00c3 488b | 8c24 b800 | 0000 488b | 9424 c000 | 0000 488b 
  0x00007874b51231a4: b424 c800 | 0000 0f1f 

  0x00007874b51231ac: ;   {optimized virtual_call}
  0x00007874b51231ac: 4400 00e8 

  0x00007874b51231b0: ; ImmutableOopMap {[176]=Oop }
                      ;*invokevirtual invokeBasic {reexecute=0 rethrow=0 return_oop=0}
                      ; - java.lang.invoke.Invokers$Holder::invokeExact_MT@20
                      ; - jdk.internal.reflect.DirectMethodHandleAccessor::invokeImpl@104 (line 157)
                      ; - jdk.internal.reflect.DirectMethodHandleAccessor::invoke@23 (line 103)
  0x00007874b51231b0: 4c4a 8fff 

  0x00007874b51231b4: ;   {other}
  0x00007874b51231b4: 0f1f 8400 | 2408 000b | 4881 c470 | 0100 005d 

  0x00007874b51231c4: ;   {poll_return}
  0x00007874b51231c4: 493b a750 | 0400 000f | 87c4 0500 

  0x00007874b51231d0: ;   {oop(a 'java/lang/invoke/MethodType'{0x000000070af264d8} = (Ljava/lang/Object;)Ljava/lang/Object;)}
  0x00007874b51231d0: 00c3 48ba | d864 f20a | 0700 0000 

  0x00007874b51231dc: ;   {static_call}
  0x00007874b51231dc: 488b f3e8 

  0x00007874b51231e0: ; ImmutableOopMap {[176]=Oop [192]=Oop [280]=Oop }
                      ;*invokestatic newWrongMethodTypeException {reexecute=0 rethrow=0 return_oop=0}
                      ; - java.lang.invoke.Invokers::checkExactType@12 (line 531)
                      ; - java.lang.invoke.Invokers$Holder::invokeExact_MT@10
                      ; - jdk.internal.reflect.DirectMethodHandleAccessor::invokeImpl@41 (line 153)
                      ; - jdk.internal.reflect.DirectMethodHandleAccessor::invoke@23 (line 103)
  0x00007874b51231e0: 9cbf 72ff 

  0x00007874b51231e4: ;   {other}
  0x00007874b51231e4: 0f1f 8400 | 5408 000c 

  0x00007874b51231ec: ; implicit exception: dispatches to 0x00007874b51237ab
                      ; ImmutableOopMap {rax=Oop [176]=Oop [192]=Oop [280]=Oop }
                      ;*athrow {reexecute=1 rethrow=0 return_oop=0}
                      ; - (reexecute) java.lang.invoke.Invokers::checkExactType@15 (line 531)
                      ; - java.lang.invoke.Invokers$Holder::invokeExact_MT@10
                      ; - jdk.internal.reflect.DirectMethodHandleAccessor::invokeImpl@41 (line 153)
                      ; - jdk.internal.reflect.DirectMethodHandleAccessor::invoke@23 (line 103)
                      ;   {section_word}
  0x00007874b51231ec: 483b 0048 | baef 3112 | b574 7800 

  0x00007874b51231f8: ;   {runtime_call handle_exception_nofpu Runtime1 stub}
  0x00007874b51231f8: 00e8 02ce 

  0x00007874b51231fc: ;   {oop(a 'java/lang/invoke/MethodType'{0x000000070af26898} = (Ljava/lang/Object;Ljava/lang/Object;)Ljava/lang/Object;)}
  0x00007874b51231fc: 7eff 9048 | ba98 68f2 | 0a07 0000 | 0048 8bf0 

  0x00007874b512320c: ;   {static_call}
  0x00007874b512320c: 6666 90e8 

  0x00007874b5123210: ; ImmutableOopMap {[176]=Oop [192]=Oop [264]=Oop [272]=Oop }
                      ;*invokestatic newWrongMethodTypeException {reexecute=0 rethrow=0 return_oop=0}
                      ; - java.lang.invoke.Invokers::checkExactType@12 (line 531)
                      ; - java.lang.invoke.Invokers$Holder::invokeExact_MT@10
                      ; - jdk.internal.reflect.DirectMethodHandleAccessor::invokeImpl@55 (line 154)
                      ; - jdk.internal.reflect.DirectMethodHandleAccessor::invoke@23 (line 103)
  0x00007874b5123210: 6cbf 72ff 

  0x00007874b5123214: ;   {other}
  0x00007874b5123214: 0f1f 8400 | 8408 000e 

  0x00007874b512321c: ; implicit exception: dispatches to 0x00007874b51237b0
                      ; ImmutableOopMap {rax=Oop [176]=Oop [192]=Oop [264]=Oop [272]=Oop }
                      ;*athrow {reexecute=1 rethrow=0 return_oop=0}
                      ; - (reexecute) java.lang.invoke.Invokers::checkExactType@15 (line 531)
                      ; - java.lang.invoke.Invokers$Holder::invokeExact_MT@10
                      ; - jdk.internal.reflect.DirectMethodHandleAccessor::invokeImpl@55 (line 154)
                      ; - jdk.internal.reflect.DirectMethodHandleAccessor::invoke@23 (line 103)
                      ;   {section_word}
  0x00007874b512321c: 483b 0048 | ba1f 3212 | b574 7800 

  0x00007874b5123228: ;   {runtime_call handle_exception_nofpu Runtime1 stub}
  0x00007874b5123228: 00e8 d2cd 

  0x00007874b512322c: ;   {oop(a 'java/lang/invoke/MethodType'{0x000000070af31ff8} = (Ljava/lang/Object;Ljava/lang/Object;Ljava/lang/Object;)Ljava/lang/Object;)}
  0x00007874b512322c: 7eff 9048 | b9f8 1ff3 | 0a07 0000 | 0048 8bf2 

  0x00007874b512323c: ;   {static_call}
  0x00007874b512323c: 488b d1e8 

  0x00007874b5123240: ; ImmutableOopMap {[176]=Oop [192]=Oop [240]=Oop [248]=Oop [256]=Oop }
                      ;*invokestatic newWrongMethodTypeException {reexecute=0 rethrow=0 return_oop=0}
                      ; - java.lang.invoke.Invokers::checkExactType@12 (line 531)
                      ; - java.lang.invoke.LambdaForm$MH/0x0000787458102000::invokeExact_MT@11
                      ; - jdk.internal.reflect.DirectMethodHandleAccessor::invokeImpl@72 (line 155)
                      ; - jdk.internal.reflect.DirectMethodHandleAccessor::invoke@23 (line 103)
  0x00007874b5123240: 3cbf 72ff 

  0x00007874b5123244: ;   {other}
  0x00007874b5123244: 0f1f 8400 | b408 0010 

  0x00007874b512324c: ; implicit exception: dispatches to 0x00007874b51237b5
                      ; ImmutableOopMap {rax=Oop [176]=Oop [192]=Oop [240]=Oop [248]=Oop [256]=Oop }
                      ;*athrow {reexecute=1 rethrow=0 return_oop=0}
                      ; - (reexecute) java.lang.invoke.Invokers::checkExactType@15 (line 531)
                      ; - java.lang.invoke.LambdaForm$MH/0x0000787458102000::invokeExact_MT@11
                      ; - jdk.internal.reflect.DirectMethodHandleAccessor::invokeImpl@72 (line 155)
                      ; - jdk.internal.reflect.DirectMethodHandleAccessor::invoke@23 (line 103)
                      ;   {section_word}
  0x00007874b512324c: 483b 0048 | ba4f 3212 | b574 7800 

  0x00007874b5123258: ;   {runtime_call handle_exception_nofpu Runtime1 stub}
  0x00007874b5123258: 00e8 a2cd 

  0x00007874b512325c: ;   {oop(a 'java/lang/invoke/MethodType'{0x000000070af20d90} = (Ljava/lang/Object;Ljava/lang/Object;Ljava/lang/Object;Ljava/lang/Object;)Ljava/lang/Object;)}
  0x00007874b512325c: 7eff 9049 | b890 0df2 | 0a07 0000 | 0048 8bf1 

  0x00007874b512326c: ;   {static_call}
  0x00007874b512326c: 498b d0e8 

  0x00007874b5123270: ; ImmutableOopMap {[176]=Oop [192]=Oop [208]=Oop [216]=Oop [224]=Oop [232]=Oop }
                      ;*invokestatic newWrongMethodTypeException {reexecute=0 rethrow=0 return_oop=0}
                      ; - java.lang.invoke.Invokers::checkExactType@12 (line 531)
                      ; - java.lang.invoke.LambdaForm$MH/0x00007874580b8000::invokeExact_MT@11
                      ; - jdk.internal.reflect.DirectMethodHandleAccessor::invokeImpl@92 (line 156)
                      ; - jdk.internal.reflect.DirectMethodHandleAccessor::invoke@23 (line 103)
  0x00007874b5123270: 0cbf 72ff 

  0x00007874b5123274: ;   {other}
  0x00007874b5123274: 0f1f 8400 | e408 0012 

  0x00007874b512327c: ; implicit exception: dispatches to 0x00007874b51237ba
                      ; ImmutableOopMap {rax=Oop [176]=Oop [192]=Oop [208]=Oop [216]=Oop [224]=Oop [232]=Oop }
                      ;*athrow {reexecute=1 rethrow=0 return_oop=0}
                      ; - (reexecute) java.lang.invoke.Invokers::checkExactType@15 (line 531)
                      ; - java.lang.invoke.LambdaForm$MH/0x00007874580b8000::invokeExact_MT@11
                      ; - jdk.internal.reflect.DirectMethodHandleAccessor::invokeImpl@92 (line 156)
                      ; - jdk.internal.reflect.DirectMethodHandleAccessor::invoke@23 (line 103)
                      ;   {section_word}
  0x00007874b512327c: 483b 0048 | ba7f 3212 | b574 7800 

  0x00007874b5123288: ;   {runtime_call handle_exception_nofpu Runtime1 stub}
  0x00007874b5123288: 00e8 72cd 

  0x00007874b512328c: ;   {oop(a 'java/lang/invoke/MethodType'{0x000000070b400f18} = (Ljava/lang/Object;[Ljava/lang/Object;)Ljava/lang/Object;)}
  0x00007874b512328c: 7eff 9048 | ba18 0f40 | 0b07 0000 | 0048 8bf3 

  0x00007874b512329c: ;   {static_call}
  0x00007874b512329c: 6666 90e8 

  0x00007874b51232a0: ; ImmutableOopMap {[176]=Oop [184]=Oop [192]=Oop [200]=Oop }
                      ;*invokestatic newWrongMethodTypeException {reexecute=0 rethrow=0 return_oop=0}
                      ; - java.lang.invoke.Invokers::checkExactType@12 (line 531)
                      ; - java.lang.invoke.Invokers$Holder::invokeExact_MT@10
                      ; - jdk.internal.reflect.DirectMethodHandleAccessor::invokeImpl@104 (line 157)
                      ; - jdk.internal.reflect.DirectMethodHandleAccessor::invoke@23 (line 103)
  0x00007874b51232a0: dcbe 72ff 

  0x00007874b51232a4: ;   {other}
  0x00007874b51232a4: 0f1f 8400 | 1409 0014 

  0x00007874b51232ac: ; implicit exception: dispatches to 0x00007874b51237bf
                      ; ImmutableOopMap {rax=Oop [176]=Oop [184]=Oop [192]=Oop [200]=Oop }
                      ;*athrow {reexecute=1 rethrow=0 return_oop=0}
                      ; - (reexecute) java.lang.invoke.Invokers::checkExactType@15 (line 531)
                      ; - java.lang.invoke.Invokers$Holder::invokeExact_MT@10
                      ; - jdk.internal.reflect.DirectMethodHandleAccessor::invokeImpl@104 (line 157)
                      ; - jdk.internal.reflect.DirectMethodHandleAccessor::invoke@23 (line 103)
                      ;   {section_word}
  0x00007874b51232ac: 483b 0048 | baaf 3212 | b574 7800 

  0x00007874b51232b8: ;   {runtime_call handle_exception_nofpu Runtime1 stub}
  0x00007874b51232b8: 00e8 42cd | 7eff 9049 | 8b87 0005 | 0000 4d33 | d24d 8997 | 0005 0000 | 4d33 d24d | 8997 0805 
  0x00007874b51232d8: ;   {oop(a 'java/lang/Class'{0x00000007ffc8e670} = 'jdk/internal/reflect/DirectMethodHandleAccessor')}
  0x00007874b51232d8: 0000 48be | 70e6 c8ff | 0700 0000 | 488b d048 | 8984 2420 

  0x00007874b51232ec: ;   {static_call}
  0x00007874b51232ec: 0100 00e8 

  0x00007874b51232f0: ; ImmutableOopMap {[288]=Oop }
                      ;*invokestatic isIllegalArgument {reexecute=0 rethrow=0 return_oop=0}
                      ; - jdk.internal.reflect.DirectMethodHandleAccessor::isIllegalArgument@3 (line 191)
                      ; - jdk.internal.reflect.DirectMethodHandleAccessor::invoke@58 (line 112)
  0x00007874b51232f0: 8cbe 72ff 

  0x00007874b51232f4: ;   {other}
  0x00007874b51232f4: 0f1f 8400 | 6409 0016 | 83e0 0185 | c00f 84fa | 0100 00e9 | 6d01 0000 | 498b 8700 | 0500 004d 
  0x00007874b5123314: 33d2 4d89 | 9700 0500 | 004d 33d2 | 4d89 9708 

  0x00007874b5123324: ;   {oop(a 'java/lang/Class'{0x00000007ffc8e670} = 'jdk/internal/reflect/DirectMethodHandleAccessor')}
  0x00007874b5123324: 0500 0048 | be70 e6c8 | ff07 0000 | 0048 8bd0 | 4889 8424 | 2801 0000 

  0x00007874b512333c: ;   {static_call}
  0x00007874b512333c: 6666 90e8 

  0x00007874b5123340: ; ImmutableOopMap {[296]=Oop }
                      ;*invokestatic isIllegalArgument {reexecute=0 rethrow=0 return_oop=0}
                      ; - jdk.internal.reflect.DirectMethodHandleAccessor::isIllegalArgument@3 (line 191)
                      ; - jdk.internal.reflect.DirectMethodHandleAccessor::invoke@30 (line 105)
  0x00007874b5123340: 3cbe 72ff 

  0x00007874b5123344: ;   {other}
  0x00007874b5123344: 0f1f 8400 | b409 0017 | 83e0 0185 | c00f 848a 

  0x00007874b5123354: ;   {metadata('java/lang/IllegalArgumentException')}
  0x00007874b5123354: 0000 0048 | bad0 a706 | 5774 7800 | 0049 8b87 | b801 0000 | 488d 7828 | 493b bfc8 | 0100 000f 
  0x00007874b5123374: 874b 0400 | 0049 89bf | b801 0000 | 48c7 0001 | 0000 0048 | 8bca 49ba | 0000 0057 | 7478 0000 
  0x00007874b5123394: 492b ca89 | 4808 4833 | c989 480c | 4833 c948 | 8948 1048 | 8948 1848 

  0x00007874b51233ac: ;   {oop("argument type mismatch"{0x00000007ffc8e898})}
  0x00007874b51233ac: 8948 2048 | ba98 e8c8 | ff07 0000 | 0048 8bf0 | 4889 8424 | 3001 0000 

  0x00007874b51233c4: ;   {optimized virtual_call}
  0x00007874b51233c4: 6666 90e8 

  0x00007874b51233c8: ; ImmutableOopMap {[304]=Oop }
                      ;*invokespecial <init> {reexecute=0 rethrow=0 return_oop=0}
                      ; - jdk.internal.reflect.DirectMethodHandleAccessor::invoke@42 (line 107)
  0x00007874b51233c8: b4b3 72ff 

  0x00007874b51233cc: ;   {other}
  0x00007874b51233cc: 0f1f 8400 | 3c0a 0018 | 488b 8424 | 3001 0000 | e95d 0400 | 0048 8b9c | 2428 0100 

  0x00007874b51233e8: ;   {metadata('java/lang/reflect/InvocationTargetException')}
  0x00007874b51233e8: 0048 bac0 | 9f04 5874 | 7800 0080 | ba31 0100 | 0004 0f85 | d603 0000 | 498b 87b8 | 0100 0048 
  0x00007874b5123408: 8d78 2849 | 3bbf c801 | 0000 0f87 | be03 0000 | 4989 bfb8 | 0100 0048 | c700 0100 | 0000 488b 
  0x00007874b5123428: ca49 ba00 | 0000 5774 | 7800 0049 | 2bca 8948 | 0848 33c9 | 8948 0c48 | 33c9 4889 | 4810 4889 
  0x00007874b5123448: 4818 4889 | 4820 488b | d348 8bf0 | 4889 8424 | 3801 0000 

  0x00007874b512345c: ;   {optimized virtual_call}
  0x00007874b512345c: 6666 90e8 

  0x00007874b5123460: ; ImmutableOopMap {[312]=Oop }
                      ;*invokespecial <init> {reexecute=0 rethrow=0 return_oop=0}
                      ; - jdk.internal.reflect.DirectMethodHandleAccessor::invoke@51 (line 109)
  0x00007874b5123460: 1cb3 72ff 

  0x00007874b5123464: ;   {other}
  0x00007874b5123464: 0f1f 8400 | d40a 0019 | 488b 8424 | 3801 0000 | e9c5 0300 

  0x00007874b5123478: ;   {metadata('java/lang/IllegalArgumentException')}
  0x00007874b5123478: 0048 bad0 | a706 5774 | 7800 0049 | 8b87 b801 | 0000 488d | 7828 493b | bfc8 0100 | 000f 8748 
  0x00007874b5123498: 0300 0049 | 89bf b801 | 0000 48c7 | 0001 0000 | 0048 8bca | 49ba 0000 | 0057 7478 | 0000 492b 
  0x00007874b51234b8: ca89 4808 | 4833 c989 | 480c 4833 | c948 8948 | 1048 8948 | 1848 8948 | 2048 8b94 | 2420 0100 
  0x00007874b51234d8: 0048 8bf0 | 4889 8424 | 4001 0000 

  0x00007874b51234e4: ;   {optimized virtual_call}
  0x00007874b51234e4: 6666 90e8 

  0x00007874b51234e8: ; ImmutableOopMap {[320]=Oop }
                      ;*invokespecial <init> {reexecute=0 rethrow=0 return_oop=0}
                      ; - jdk.internal.reflect.DirectMethodHandleAccessor::invoke@69 (line 113)
  0x00007874b51234e8: 94b2 72ff 

  0x00007874b51234ec: ;   {other}
  0x00007874b51234ec: 0f1f 8400 | 5c0b 001a | 488b 8424 | 4001 0000 | e93d 0300 | 0048 8b9c | 2420 0100 

  0x00007874b5123508: ;   {metadata('java/lang/reflect/InvocationTargetException')}
  0x00007874b5123508: 0048 bac0 | 9f04 5874 | 7800 0080 | ba31 0100 | 0004 0f85 | d502 0000 | 498b 87b8 | 0100 0048 
  0x00007874b5123528: 8d78 2849 | 3bbf c801 | 0000 0f87 | bd02 0000 | 4989 bfb8 | 0100 0048 | c700 0100 | 0000 488b 
  0x00007874b5123548: ca49 ba00 | 0000 5774 | 7800 0049 | 2bca 8948 | 0848 33c9 | 8948 0c48 | 33c9 4889 | 4810 4889 
  0x00007874b5123568: 4818 4889 | 4820 488b | d348 8bf0 | 4889 8424 | 4801 0000 

  0x00007874b512357c: ;   {optimized virtual_call}
  0x00007874b512357c: 6666 90e8 

  0x00007874b5123580: ; ImmutableOopMap {[328]=Oop }
                      ;*invokespecial <init> {reexecute=0 rethrow=0 return_oop=0}
                      ; - jdk.internal.reflect.DirectMethodHandleAccessor::invoke@78 (line 115)
  0x00007874b5123580: fcb1 72ff 

  0x00007874b5123584: ;   {other}
  0x00007874b5123584: 0f1f 8400 | f40b 001b | 488b 8424 | 4801 0000 | e9a5 0200 

  0x00007874b5123598: ;   {metadata('java/lang/IllegalArgumentException')}
  0x00007874b5123598: 0048 bad0 | a706 5774 | 7800 0049 | 8b87 b801 | 0000 488d | 7828 493b | bfc8 0100 | 000f 8747 
  0x00007874b51235b8: 0200 0049 | 89bf b801 | 0000 48c7 | 0001 0000 | 0048 8bca | 49ba 0000 | 0057 7478 | 0000 492b 
  0x00007874b51235d8: ca89 4808 | 4833 c989 | 480c 4833 | c948 8948 | 1048 8948 | 1848 8948 

  0x00007874b51235f0: ;   {oop("object is not an instance of declaring class"{0x00000007ffc8e840})}
  0x00007874b51235f0: 2048 ba40 | e8c8 ff07 | 0000 0048 | 8bf0 4889 | 8424 5001 

  0x00007874b5123604: ;   {optimized virtual_call}
  0x00007874b5123604: 0000 90e8 

  0x00007874b5123608: ; ImmutableOopMap {[176]=Oop [184]=Oop [192]=Oop [336]=Oop }
                      ;*invokespecial <init> {reexecute=0 rethrow=0 return_oop=0}
                      ; - jdk.internal.reflect.DirectMethodHandleAccessor::checkReceiver@20 (line 197)
                      ; - jdk.internal.reflect.DirectMethodHandleAccessor::invoke@9 (line 99)
  0x00007874b5123608: 74b1 72ff 

  0x00007874b512360c: ;   {other}
  0x00007874b512360c: 0f1f 8400 | 7c0c 001c | 488b 8424 | 5001 0000 | e91d 0200 | 0049 8b87 | 0005 0000 | 4d33 d24d 
  0x00007874b512362c: 8997 0005 | 0000 4d33 | d24d 8997 | 0805 0000 

  0x00007874b512363c: ;   {metadata('java/lang/reflect/InvocationTargetException')}
  0x00007874b512363c: 488b d848 | bac0 9f04 | 5874 7800 | 0080 ba31 | 0100 0004 | 0f85 be01 | 0000 498b | 87b8 0100 
  0x00007874b512365c: 0048 8d78 | 2849 3bbf | c801 0000 | 0f87 a601 | 0000 4989 | bfb8 0100 | 0048 c700 | 0100 0000 
  0x00007874b512367c: 488b ca49 | ba00 0000 | 5774 7800 | 0049 2bca | 8948 0848 | 33c9 8948 | 0c48 33c9 | 4889 4810 
  0x00007874b512369c: 4889 4818 | 4889 4820 | 488b d348 | 8bf0 4889 | 8424 5801 | 0000 0f1f 

  0x00007874b51236b4: ;   {optimized virtual_call}
  0x00007874b51236b4: 4400 00e8 

  0x00007874b51236b8: ; ImmutableOopMap {[344]=Oop }
                      ;*invokespecial <init> {reexecute=0 rethrow=0 return_oop=0}
                      ; - jdk.internal.reflect.DirectMethodHandleAccessor::invoke@88 (line 118)
  0x00007874b51236b8: d901 0000 

  0x00007874b51236bc: ;   {other}
  0x00007874b51236bc: 0f1f 8400 | 2c0d 001d | 488b 8424 | 5801 0000 | e96d 0100 

  0x00007874b51236d0: ;   {runtime_call throw_null_pointer_exception Runtime1 stub}
  0x00007874b51236d0: 00e8 ca96 

  0x00007874b51236d4: ; ImmutableOopMap {rsi=Oop rdx=Oop rdi=Oop [176]=Oop [184]=Oop [192]=Oop }
                      ;*invokevirtual getClass {reexecute=0 rethrow=0 return_oop=0}
                      ; - jdk.internal.reflect.DirectMethodHandleAccessor::checkReceiver@5 (line 196)
                      ; - jdk.internal.reflect.DirectMethodHandleAccessor::invoke@9 (line 99)
                      ;   {runtime_call throw_null_pointer_exception Runtime1 stub}
  0x00007874b51236d4: 7eff e8c5 

  0x00007874b51236d8: ; ImmutableOopMap {rsi=Oop rdx=Oop rdi=Oop rbx=Oop [176]=Oop [184]=Oop [192]=Oop }
                      ;*invokevirtual isAssignableFrom {reexecute=0 rethrow=0 return_oop=0}
                      ; - jdk.internal.reflect.DirectMethodHandleAccessor::checkReceiver@8 (line 196)
                      ; - jdk.internal.reflect.DirectMethodHandleAccessor::invoke@9 (line 99)
                      ;   {runtime_call throw_null_pointer_exception Runtime1 stub}
  0x00007874b51236d8: 967e ffe8 

  0x00007874b51236dc: ; ImmutableOopMap {rsi=Oop rdi=Oop [176]=Oop [184]=Oop [192]=Oop [200]=Oop }
                      ;*invokevirtual type {reexecute=0 rethrow=0 return_oop=0}
                      ; - java.lang.invoke.Invokers::checkExactType@1 (line 529)
                      ; - java.lang.invoke.Invokers$Holder::invokeExact_MT@10
                      ; - jdk.internal.reflect.DirectMethodHandleAccessor::invokeImpl@104 (line 157)
                      ; - jdk.internal.reflect.DirectMethodHandleAccessor::invoke@23 (line 103)
  0x00007874b51236dc: c096 7eff 

  0x00007874b51236e0: ;   {runtime_call throw_null_pointer_exception Runtime1 stub}
  0x00007874b51236e0: e8bb 967e 

  0x00007874b51236e4: ; ImmutableOopMap {rsi=Oop rdi=Oop [176]=Oop [184]=Oop [192]=Oop [200]=Oop }
                      ;*getfield customized {reexecute=1 rethrow=0 return_oop=0}
                      ; - (reexecute) java.lang.invoke.Invokers::checkCustomized@12 (line 626)
                      ; - java.lang.invoke.Invokers$Holder::invokeExact_MT@14
                      ; - jdk.internal.reflect.DirectMethodHandleAccessor::invokeImpl@104 (line 157)
                      ; - jdk.internal.reflect.DirectMethodHandleAccessor::invoke@23 (line 103)
                      ;   {runtime_call predicate_failed_trap Runtime1 stub}
  0x00007874b51236e4: ffe8 161e 

  0x00007874b51236e8: ; ImmutableOopMap {rsi=Oop rcx=Oop rdi=Oop [176]=Oop [184]=Oop [192]=Oop [232]=Oop }
                      ;*aaload {reexecute=0 rethrow=0 return_oop=0}
                      ; - jdk.internal.reflect.DirectMethodHandleAccessor::invokeImpl@85 (line 156)
                      ; - jdk.internal.reflect.DirectMethodHandleAccessor::invoke@23 (line 103)
                      ;   {runtime_call predicate_failed_trap Runtime1 stub}
  0x00007874b51236e8: 7fff e811 

  0x00007874b51236ec: ; ImmutableOopMap {rsi=Oop rcx=Oop rdi=Oop [176]=Oop [184]=Oop [192]=Oop [232]=Oop }
                      ;*aaload {reexecute=0 rethrow=0 return_oop=0}
                      ; - jdk.internal.reflect.DirectMethodHandleAccessor::invokeImpl@85 (line 156)
                      ; - jdk.internal.reflect.DirectMethodHandleAccessor::invoke@23 (line 103)
                      ;   {runtime_call throw_null_pointer_exception Runtime1 stub}
  0x00007874b51236ec: 1e7f ffe8 

  0x00007874b51236f0: ; ImmutableOopMap {rsi=Oop rdi=Oop rbx=Oop rax=Oop rdx=Oop [176]=Oop [192]=Oop [208]=Oop [216]=Oop [224]=Oop [232]=Oop }
                      ;*invokevirtual type {reexecute=0 rethrow=0 return_oop=0}
                      ; - java.lang.invoke.Invokers::checkExactType@1 (line 529)
                      ; - java.lang.invoke.LambdaForm$MH/0x00007874580b8000::invokeExact_MT@11
                      ; - jdk.internal.reflect.DirectMethodHandleAccessor::invokeImpl@92 (line 156)
                      ; - jdk.internal.reflect.DirectMethodHandleAccessor::invoke@23 (line 103)
  0x00007874b51236f0: ac96 7eff 

  0x00007874b51236f4: ;   {runtime_call throw_null_pointer_exception Runtime1 stub}
  0x00007874b51236f4: e8a7 967e 

  0x00007874b51236f8: ; ImmutableOopMap {rsi=Oop rdi=Oop rbx=Oop rax=Oop rdx=Oop [176]=Oop [192]=Oop [208]=Oop [216]=Oop [224]=Oop [232]=Oop }
                      ;*getfield customized {reexecute=1 rethrow=0 return_oop=0}
                      ; - (reexecute) java.lang.invoke.Invokers::checkCustomized@12 (line 626)
                      ; - java.lang.invoke.LambdaForm$MH/0x00007874580b8000::invokeExact_MT@15
                      ; - jdk.internal.reflect.DirectMethodHandleAccessor::invokeImpl@92 (line 156)
                      ; - jdk.internal.reflect.DirectMethodHandleAccessor::invoke@23 (line 103)
                      ;   {runtime_call predicate_failed_trap Runtime1 stub}
  0x00007874b51236f8: ffe8 021e 

  0x00007874b51236fc: ; ImmutableOopMap {rsi=Oop rcx=Oop rdi=Oop [176]=Oop [184]=Oop [192]=Oop [256]=Oop }
                      ;*aaload {reexecute=0 rethrow=0 return_oop=0}
                      ; - jdk.internal.reflect.DirectMethodHandleAccessor::invokeImpl@68 (line 155)
                      ; - jdk.internal.reflect.DirectMethodHandleAccessor::invoke@23 (line 103)
                      ;   {runtime_call predicate_failed_trap Runtime1 stub}
  0x00007874b51236fc: 7fff e8fd 

  0x00007874b5123700: ; ImmutableOopMap {rsi=Oop rcx=Oop rdi=Oop [176]=Oop [184]=Oop [192]=Oop [256]=Oop }
                      ;*aaload {reexecute=0 rethrow=0 return_oop=0}
                      ; - jdk.internal.reflect.DirectMethodHandleAccessor::invokeImpl@68 (line 155)
                      ; - jdk.internal.reflect.DirectMethodHandleAccessor::invoke@23 (line 103)
                      ;   {runtime_call throw_null_pointer_exception Runtime1 stub}
  0x00007874b5123700: 1d7f ffe8 

  0x00007874b5123704: ; ImmutableOopMap {rsi=Oop rdi=Oop rbx=Oop rax=Oop [176]=Oop [192]=Oop [240]=Oop [248]=Oop [256]=Oop }
                      ;*invokevirtual type {reexecute=0 rethrow=0 return_oop=0}
                      ; - java.lang.invoke.Invokers::checkExactType@1 (line 529)
                      ; - java.lang.invoke.LambdaForm$MH/0x0000787458102000::invokeExact_MT@11
                      ; - jdk.internal.reflect.DirectMethodHandleAccessor::invokeImpl@72 (line 155)
                      ; - jdk.internal.reflect.DirectMethodHandleAccessor::invoke@23 (line 103)
  0x00007874b5123704: 9896 7eff 

  0x00007874b5123708: ;   {runtime_call throw_null_pointer_exception Runtime1 stub}
  0x00007874b5123708: e893 967e 

  0x00007874b512370c: ; ImmutableOopMap {rsi=Oop rdi=Oop rbx=Oop rax=Oop [176]=Oop [192]=Oop [240]=Oop [248]=Oop [256]=Oop }
                      ;*getfield customized {reexecute=1 rethrow=0 return_oop=0}
                      ; - (reexecute) java.lang.invoke.Invokers::checkCustomized@12 (line 626)
                      ; - java.lang.invoke.LambdaForm$MH/0x0000787458102000::invokeExact_MT@15
                      ; - jdk.internal.reflect.DirectMethodHandleAccessor::invokeImpl@72 (line 155)
                      ; - jdk.internal.reflect.DirectMethodHandleAccessor::invoke@23 (line 103)
                      ;   {runtime_call throw_null_pointer_exception Runtime1 stub}
  0x00007874b512370c: ffe8 8e96 

  0x00007874b5123710: ; ImmutableOopMap {rsi=Oop rcx=Oop rdi=Oop [176]=Oop [184]=Oop [192]=Oop [272]=Oop }
                      ;*aaload {reexecute=0 rethrow=0 return_oop=0}
                      ; - jdk.internal.reflect.DirectMethodHandleAccessor::invokeImpl@54 (line 154)
                      ; - jdk.internal.reflect.DirectMethodHandleAccessor::invoke@23 (line 103)
                      ;   {runtime_call throw_null_pointer_exception Runtime1 stub}
  0x00007874b5123710: 7eff e889 

  0x00007874b5123714: ; ImmutableOopMap {rsi=Oop rcx=Oop rdi=Oop [176]=Oop [184]=Oop [192]=Oop [272]=Oop }
                      ;*aaload {reexecute=0 rethrow=0 return_oop=0}
                      ; - jdk.internal.reflect.DirectMethodHandleAccessor::invokeImpl@54 (line 154)
                      ; - jdk.internal.reflect.DirectMethodHandleAccessor::invoke@23 (line 103)
  0x00007874b5123714: 967e ff48 | c704 2400 | 0000 0048 | 894c 2408 

  0x00007874b5123724: ;   {runtime_call throw_range_check_failed Runtime1 stub}
  0x00007874b5123724: e877 827e 

  0x00007874b5123728: ; ImmutableOopMap {rsi=Oop rcx=Oop rdi=Oop [176]=Oop [184]=Oop [192]=Oop [272]=Oop }
                      ;*aaload {reexecute=0 rethrow=0 return_oop=0}
                      ; - jdk.internal.reflect.DirectMethodHandleAccessor::invokeImpl@54 (line 154)
                      ; - jdk.internal.reflect.DirectMethodHandleAccessor::invoke@23 (line 103)
                      ;   {runtime_call throw_null_pointer_exception Runtime1 stub}
  0x00007874b5123728: ffe8 7296 

  0x00007874b512372c: ; ImmutableOopMap {rsi=Oop rdi=Oop rbx=Oop [176]=Oop [192]=Oop [264]=Oop [272]=Oop }
                      ;*invokevirtual type {reexecute=0 rethrow=0 return_oop=0}
                      ; - java.lang.invoke.Invokers::checkExactType@1 (line 529)
                      ; - java.lang.invoke.Invokers$Holder::invokeExact_MT@10
                      ; - jdk.internal.reflect.DirectMethodHandleAccessor::invokeImpl@55 (line 154)
                      ; - jdk.internal.reflect.DirectMethodHandleAccessor::invoke@23 (line 103)
                      ;   {runtime_call throw_null_pointer_exception Runtime1 stub}
  0x00007874b512372c: 7eff e86d 

  0x00007874b5123730: ; ImmutableOopMap {rsi=Oop rdi=Oop rbx=Oop [176]=Oop [192]=Oop [264]=Oop [272]=Oop }
                      ;*getfield customized {reexecute=1 rethrow=0 return_oop=0}
                      ; - (reexecute) java.lang.invoke.Invokers::checkCustomized@12 (line 626)
                      ; - java.lang.invoke.Invokers$Holder::invokeExact_MT@14
                      ; - jdk.internal.reflect.DirectMethodHandleAccessor::invokeImpl@55 (line 154)
                      ; - jdk.internal.reflect.DirectMethodHandleAccessor::invoke@23 (line 103)
                      ;   {runtime_call throw_null_pointer_exception Runtime1 stub}
  0x00007874b5123730: 967e ffe8 

  0x00007874b5123734: ; ImmutableOopMap {rsi=Oop rdi=Oop [176]=Oop [192]=Oop [280]=Oop }
                      ;*invokevirtual type {reexecute=0 rethrow=0 return_oop=0}
                      ; - java.lang.invoke.Invokers::checkExactType@1 (line 529)
                      ; - java.lang.invoke.Invokers$Holder::invokeExact_MT@10
                      ; - jdk.internal.reflect.DirectMethodHandleAccessor::invokeImpl@41 (line 153)
                      ; - jdk.internal.reflect.DirectMethodHandleAccessor::invoke@23 (line 103)
  0x00007874b5123734: 6896 7eff 

  0x00007874b5123738: ;   {runtime_call throw_null_pointer_exception Runtime1 stub}
  0x00007874b5123738: e863 967e 

  0x00007874b512373c: ; ImmutableOopMap {rsi=Oop rdi=Oop [176]=Oop [192]=Oop [280]=Oop }
                      ;*getfield customized {reexecute=1 rethrow=0 return_oop=0}
                      ; - (reexecute) java.lang.invoke.Invokers::checkCustomized@12 (line 626)
                      ; - java.lang.invoke.Invokers$Holder::invokeExact_MT@14
                      ; - jdk.internal.reflect.DirectMethodHandleAccessor::invokeImpl@41 (line 153)
                      ; - jdk.internal.reflect.DirectMethodHandleAccessor::invoke@23 (line 103)
                      ;   {internal_word}
  0x00007874b512373c: ff49 baac | 3012 b574 | 7800 004d | 8997 6804 

  0x00007874b512374c: ;   {runtime_call SafepointBlob}
  0x00007874b512374c: 0000 e9ad 

  0x00007874b5123750: ;   {internal_word}
  0x00007874b5123750: 2c73 ff49 | baec 3012 | b574 7800 | 004d 8997 | 6804 0000 

  0x00007874b5123764: ;   {runtime_call SafepointBlob}
  0x00007874b5123764: e997 2c73 

  0x00007874b5123768: ;   {internal_word}
  0x00007874b5123768: ff49 ba34 | 3112 b574 | 7800 004d | 8997 6804 

  0x00007874b5123778: ;   {runtime_call SafepointBlob}
  0x00007874b5123778: 0000 e981 

  0x00007874b512377c: ;   {internal_word}
  0x00007874b512377c: 2c73 ff49 | ba84 3112 | b574 7800 | 004d 8997 | 6804 0000 

  0x00007874b5123790: ;   {runtime_call SafepointBlob}
  0x00007874b5123790: e96b 2c73 

  0x00007874b5123794: ;   {internal_word}
  0x00007874b5123794: ff49 bac4 | 3112 b574 | 7800 004d | 8997 6804 

  0x00007874b51237a4: ;   {runtime_call SafepointBlob}
  0x00007874b51237a4: 0000 e955 

  0x00007874b51237a8: ;   {runtime_call throw_null_pointer_exception Runtime1 stub}
  0x00007874b51237a8: 2c73 ffe8 

  0x00007874b51237ac: ; ImmutableOopMap {rax=Oop [176]=Oop [192]=Oop [280]=Oop }
                      ;*athrow {reexecute=1 rethrow=0 return_oop=0}
                      ; - (reexecute) java.lang.invoke.Invokers::checkExactType@15 (line 531)
                      ; - java.lang.invoke.Invokers$Holder::invokeExact_MT@10
                      ; - jdk.internal.reflect.DirectMethodHandleAccessor::invokeImpl@41 (line 153)
                      ; - jdk.internal.reflect.DirectMethodHandleAccessor::invoke@23 (line 103)
  0x00007874b51237ac: f095 7eff 

  0x00007874b51237b0: ;   {runtime_call throw_null_pointer_exception Runtime1 stub}
  0x00007874b51237b0: e8eb 957e 

  0x00007874b51237b4: ; ImmutableOopMap {rax=Oop [176]=Oop [192]=Oop [264]=Oop [272]=Oop }
                      ;*athrow {reexecute=1 rethrow=0 return_oop=0}
                      ; - (reexecute) java.lang.invoke.Invokers::checkExactType@15 (line 531)
                      ; - java.lang.invoke.Invokers$Holder::invokeExact_MT@10
                      ; - jdk.internal.reflect.DirectMethodHandleAccessor::invokeImpl@55 (line 154)
                      ; - jdk.internal.reflect.DirectMethodHandleAccessor::invoke@23 (line 103)
                      ;   {runtime_call throw_null_pointer_exception Runtime1 stub}
  0x00007874b51237b4: ffe8 e695 

  0x00007874b51237b8: ; ImmutableOopMap {rax=Oop [176]=Oop [192]=Oop [240]=Oop [248]=Oop [256]=Oop }
                      ;*athrow {reexecute=1 rethrow=0 return_oop=0}
                      ; - (reexecute) java.lang.invoke.Invokers::checkExactType@15 (line 531)
                      ; - java.lang.invoke.LambdaForm$MH/0x0000787458102000::invokeExact_MT@11
                      ; - jdk.internal.reflect.DirectMethodHandleAccessor::invokeImpl@72 (line 155)
                      ; - jdk.internal.reflect.DirectMethodHandleAccessor::invoke@23 (line 103)
                      ;   {runtime_call throw_null_pointer_exception Runtime1 stub}
  0x00007874b51237b8: 7eff e8e1 

  0x00007874b51237bc: ; ImmutableOopMap {rax=Oop [176]=Oop [192]=Oop [208]=Oop [216]=Oop [224]=Oop [232]=Oop }
                      ;*athrow {reexecute=1 rethrow=0 return_oop=0}
                      ; - (reexecute) java.lang.invoke.Invokers::checkExactType@15 (line 531)
                      ; - java.lang.invoke.LambdaForm$MH/0x00007874580b8000::invokeExact_MT@11
                      ; - jdk.internal.reflect.DirectMethodHandleAccessor::invokeImpl@92 (line 156)
                      ; - jdk.internal.reflect.DirectMethodHandleAccessor::invoke@23 (line 103)
                      ;   {runtime_call throw_null_pointer_exception Runtime1 stub}
  0x00007874b51237bc: 957e ffe8 

  0x00007874b51237c0: ; ImmutableOopMap {rax=Oop [176]=Oop [184]=Oop [192]=Oop [200]=Oop }
                      ;*athrow {reexecute=1 rethrow=0 return_oop=0}
                      ; - (reexecute) java.lang.invoke.Invokers::checkExactType@15 (line 531)
                      ; - java.lang.invoke.Invokers$Holder::invokeExact_MT@10
                      ; - jdk.internal.reflect.DirectMethodHandleAccessor::invokeImpl@104 (line 157)
                      ; - jdk.internal.reflect.DirectMethodHandleAccessor::invoke@23 (line 103)
  0x00007874b51237c0: dc95 7eff 

  0x00007874b51237c4: ;   {runtime_call fast_new_instance Runtime1 stub}
  0x00007874b51237c4: 488b d2e8 

  0x00007874b51237c8: ; ImmutableOopMap {}
                      ;*new {reexecute=0 rethrow=0 return_oop=0}
                      ; - jdk.internal.reflect.DirectMethodHandleAccessor::invoke@36 (line 107)
  0x00007874b51237c8: 34a5 7eff | e9de fbff 

  0x00007874b51237d0: ;   {runtime_call throw_null_pointer_exception Runtime1 stub}
  0x00007874b51237d0: ffe8 ca95 

  0x00007874b51237d4: ; ImmutableOopMap {rbx=Oop }
                      ;*new {reexecute=0 rethrow=0 return_oop=0}
                      ; - jdk.internal.reflect.DirectMethodHandleAccessor::invoke@46 (line 109)
  0x00007874b51237d4: 7eff 488b 

  0x00007874b51237d8: ;   {runtime_call fast_new_instance_init_check Runtime1 stub}
  0x00007874b51237d8: d2e8 a2a8 

  0x00007874b51237dc: ; ImmutableOopMap {rbx=Oop }
                      ;*new {reexecute=0 rethrow=0 return_oop=0}
                      ; - jdk.internal.reflect.DirectMethodHandleAccessor::invoke@46 (line 109)
  0x00007874b51237dc: 7eff e96b | fcff ff48 

  0x00007874b51237e4: ;   {runtime_call fast_new_instance Runtime1 stub}
  0x00007874b51237e4: 8bd2 e815 

  0x00007874b51237e8: ; ImmutableOopMap {[288]=Oop }
                      ;*new {reexecute=0 rethrow=0 return_oop=0}
                      ; - jdk.internal.reflect.DirectMethodHandleAccessor::invoke@64 (line 113)
  0x00007874b51237e8: a57e ffe9 | e1fc ffff 

  0x00007874b51237f0: ;   {runtime_call throw_null_pointer_exception Runtime1 stub}
  0x00007874b51237f0: e8ab 957e 

  0x00007874b51237f4: ; ImmutableOopMap {rbx=Oop }
                      ;*new {reexecute=0 rethrow=0 return_oop=0}
                      ; - jdk.internal.reflect.DirectMethodHandleAccessor::invoke@73 (line 115)
  0x00007874b51237f4: ff48 8bd2 

  0x00007874b51237f8: ;   {runtime_call fast_new_instance_init_check Runtime1 stub}
  0x00007874b51237f8: e883 a87e 

  0x00007874b51237fc: ; ImmutableOopMap {rbx=Oop }
                      ;*new {reexecute=0 rethrow=0 return_oop=0}
                      ; - jdk.internal.reflect.DirectMethodHandleAccessor::invoke@73 (line 115)
  0x00007874b51237fc: ffe9 6cfd | ffff 488b 

  0x00007874b5123804: ;   {runtime_call fast_new_instance Runtime1 stub}
  0x00007874b5123804: d2e8 f6a4 

  0x00007874b5123808: ; ImmutableOopMap {[176]=Oop [184]=Oop [192]=Oop }
                      ;*new {reexecute=0 rethrow=0 return_oop=0}
                      ; - jdk.internal.reflect.DirectMethodHandleAccessor::checkReceiver@14 (line 197)
                      ; - jdk.internal.reflect.DirectMethodHandleAccessor::invoke@9 (line 99)
  0x00007874b5123808: 7eff e9e2 

  0x00007874b512380c: ;   {runtime_call throw_null_pointer_exception Runtime1 stub}
  0x00007874b512380c: fdff ffe8 

  0x00007874b5123810: ; ImmutableOopMap {rbx=Oop }
                      ;*new {reexecute=0 rethrow=0 return_oop=0}
                      ; - jdk.internal.reflect.DirectMethodHandleAccessor::invoke@83 (line 118)
  0x00007874b5123810: 8c95 7eff 

  0x00007874b5123814: ;   {runtime_call fast_new_instance_init_check Runtime1 stub}
  0x00007874b5123814: 488b d2e8 

  0x00007874b5123818: ; ImmutableOopMap {rbx=Oop }
                      ;*new {reexecute=0 rethrow=0 return_oop=0}
                      ; - jdk.internal.reflect.DirectMethodHandleAccessor::invoke@83 (line 118)
  0x00007874b5123818: 64a8 7eff | e983 feff | ff49 8b87 | 0005 0000 | 49c7 8700 | 0500 0000 | 0000 0049 | c787 0805 
  0x00007874b5123838: 0000 0000 | 0000 4881 | c470 0100 

  0x00007874b5123844: ;   {runtime_call unwind_exception Runtime1 stub}
  0x00007874b5123844: 005d e9b5 | 757e fff4 | f4f4 f4f4 
[Stub Code]
  0x00007874b5123850: ;   {no_reloc}
  0x00007874b5123850: 0f1f 4400 

  0x00007874b5123854: ;   {static_stub}
  0x00007874b5123854: 0048 bb00 | 0000 0000 

  0x00007874b512385c: ;   {runtime_call nmethod}
  0x00007874b512385c: 0000 00e9 | fbff ffff 

  0x00007874b5123864: ;   {static_stub}
  0x00007874b5123864: 9048 bb00 | 0000 0000 

  0x00007874b512386c: ;   {runtime_call nmethod}
  0x00007874b512386c: 0000 00e9 | fbff ffff 

  0x00007874b5123874: ;   {static_stub}
  0x00007874b5123874: 9048 bb00 | 0000 0000 

  0x00007874b512387c: ;   {runtime_call nmethod}
  0x00007874b512387c: 0000 00e9 | fbff ffff 

  0x00007874b5123884: ;   {static_stub}
  0x00007874b5123884: 9048 bb00 | 0000 0000 

  0x00007874b512388c: ;   {runtime_call nmethod}
  0x00007874b512388c: 0000 00e9 | fbff ffff 

  0x00007874b5123894: ;   {static_stub}
  0x00007874b5123894: 9048 bb20 | b405 4c74 

  0x00007874b512389c: ;   {runtime_call I2C/C2I adapters}
  0x00007874b512389c: 7800 00e9 | 630f 73ff 

  0x00007874b51238a4: ;   {static_stub}
  0x00007874b51238a4: 48bb 0000 | 0000 0000 

  0x00007874b51238ac: ;   {runtime_call nmethod}
  0x00007874b51238ac: 0000 e9fb 

  0x00007874b51238b0: ;   {static_stub}
  0x00007874b51238b0: ffff ff48 | bb00 0000 | 0000 0000 

  0x00007874b51238bc: ;   {runtime_call nmethod}
  0x00007874b51238bc: 00e9 fbff 

  0x00007874b51238c0: ;   {static_stub}
  0x00007874b51238c0: ffff 48bb | 0000 0000 | 0000 0000 

  0x00007874b51238cc: ;   {runtime_call nmethod}
  0x00007874b51238cc: e9fb ffff 

  0x00007874b51238d0: ;   {static_stub}
  0x00007874b51238d0: ff48 bb00 | 0000 0000 

  0x00007874b51238d8: ;   {runtime_call nmethod}
  0x00007874b51238d8: 0000 00e9 | fbff ffff 

  0x00007874b51238e0: ;   {static_stub}
  0x00007874b51238e0: 48bb 0000 | 0000 0000 

  0x00007874b51238e8: ;   {runtime_call nmethod}
  0x00007874b51238e8: 0000 e9fb 

  0x00007874b51238ec: ;   {static_stub}
  0x00007874b51238ec: ffff ff48 | bb00 0000 | 0000 0000 

  0x00007874b51238f8: ;   {runtime_call nmethod}
  0x00007874b51238f8: 00e9 fbff 

  0x00007874b51238fc: ;   {static_stub}
  0x00007874b51238fc: ffff 48bb | 0000 0000 | 0000 0000 

  0x00007874b5123908: ;   {runtime_call nmethod}
  0x00007874b5123908: e9fb ffff 

  0x00007874b512390c: ;   {static_stub}
  0x00007874b512390c: ff48 bb00 | 0000 0000 

  0x00007874b5123914: ;   {runtime_call nmethod}
  0x00007874b5123914: 0000 00e9 | fbff ffff 

  0x00007874b512391c: ;   {static_stub}
  0x00007874b512391c: 48bb 0000 | 0000 0000 

  0x00007874b5123924: ;   {runtime_call nmethod}
  0x00007874b5123924: 0000 e9fb 

  0x00007874b5123928: ;   {static_stub}
  0x00007874b5123928: ffff ff48 | bb00 0000 | 0000 0000 

  0x00007874b5123934: ;   {runtime_call nmethod}
  0x00007874b5123934: 00e9 fbff 

  0x00007874b5123938: ;   {runtime_call handle_exception_from_callee Runtime1 stub}
  0x00007874b5123938: ffff e8c1 

  0x00007874b512393c: ;   {external_word}
  0x00007874b512393c: d27e ff48 | bf53 2112 | c674 7800 | 0048 83e4 

  0x00007874b512394c: ;   {runtime_call MacroAssembler::debug64(char*, long, long*)}
  0x00007874b512394c: f0e8 ee91 

  0x00007874b5123950: ;   {section_word}
  0x00007874b5123950: ad10 f449 | ba53 3912 | b574 7800 

  0x00007874b512395c: ;   {runtime_call DeoptimizationBlob}
  0x00007874b512395c: 0041 52e9 | 3c3f 73ff 
[Deopt MH Handler Code]
  0x00007874b5123964: ;   {section_word}
  0x00007874b5123964: 49ba 6439 | 12b5 7478 | 0000 4152 

  0x00007874b5123970: ;   {runtime_call DeoptimizationBlob}
  0x00007874b5123970: e92b 3f73 | fff4 f4f4 
[/MachCode]


Compiled method (c1) 130273 4082       1       java.lang.reflect.Method::invoke (108 bytes)
 total in heap  [0x00007874b5127f10,0x00007874b5128508] = 1528
 relocation     [0x00007874b5128068,0x00007874b51280f8] = 144
 main code      [0x00007874b5128100,0x00007874b5128348] = 584
 stub code      [0x00007874b5128348,0x00007874b51283d8] = 144
 metadata       [0x00007874b51283d8,0x00007874b51283e0] = 8
 scopes data    [0x00007874b51283e0,0x00007874b5128460] = 128
 scopes pcs     [0x00007874b5128460,0x00007874b51284f0] = 144
 dependencies   [0x00007874b51284f0,0x00007874b51284f8] = 8
 nul chk table  [0x00007874b51284f8,0x00007874b5128508] = 16

[Constant Pool (empty)]

[MachCode]
[Entry Point]
  # {method} {0x0000787457045680} 'invoke' '(Ljava/lang/Object;[Ljava/lang/Object;)Ljava/lang/Object;' in 'java/lang/reflect/Method'
  # this:     rsi:rsi   = 'java/lang/reflect/Method'
  # parm0:    rdx:rdx   = 'java/lang/Object'
  # parm1:    rcx:rcx   = '[Ljava/lang/Object;'
  #           [sp+0x90]  (sp of caller)
  0x00007874b5128100: 448b 5608 | 49bb 0000 | 0057 7478 | 0000 4d03 | d34c 3bd0 

  0x00007874b5128114: ;   {runtime_call ic_miss_stub}
  0x00007874b5128114: 0f85 6661 | 72ff 660f | 1f44 0000 
[Verified Entry Point]
  0x00007874b5128120: 8984 2400 | c0fe ff55 | 4881 ec80 | 0000 0090 | 4181 7f20 | 0c00 0000 

  0x00007874b5128138: ;   {runtime_call StubRoutines (final stubs)}
  0x00007874b5128138: 7405 e8e1 | e070 ff48 | 8974 2448 | 4889 5424 | 5048 894c | 2458 488b | fe48 8bf7 

  0x00007874b5128154: ;   {optimized virtual_call}
  0x00007874b5128154: 6666 90e8 

  0x00007874b5128158: ; ImmutableOopMap {[72]=Oop [80]=Oop [88]=Oop }
                      ;*invokevirtual isCallerSensitive {reexecute=0 rethrow=0 return_oop=0}
                      ; - java.lang.reflect.Method::invoke@1 (line 561)
  0x00007874b5128158: 0404 fbff 

  0x00007874b512815c: ;   {other}
  0x00007874b512815c: 0f1f 8400 | 4c02 0000 | 488b 7424 | 480f be7e | 0c85 ff0f | 841b 0000 | 0085 c00f | 8513 0000 
  0x00007874b512817c: ;   {oop(nullptr)}
  0x00007874b512817c: 0048 bf00 | 0000 0000 | 0000 0089 | 4424 60e9 | 1c00 0000 | 8944 2460 

  0x00007874b5128194: ;   {static_call}
  0x00007874b5128194: 6666 90e8 

  0x00007874b5128198: ; ImmutableOopMap {[72]=Oop [80]=Oop [88]=Oop }
                      ;*invokestatic getCallerClass {reexecute=0 rethrow=0 return_oop=0}
                      ; - java.lang.reflect.Method::invoke@19 (line 564)
  0x00007874b5128198: 4452 8cff 

  0x00007874b512819c: ;   {other}
  0x00007874b512819c: 0f1f 8400 | 8c02 0001 | 488b f848 | 8b74 2448 | 0fbe 560c | 85d2 0f84 | 0a00 0000 | 4889 7c24 
  0x00007874b51281bc: 68e9 7700 | 0000 8b4e | 2448 c1e1 | 0344 8b4e | 2049 8bd1 | 83e2 0885 | d2ba 0000 | 0000 7405 
  0x00007874b51281dc: ba01 0000 | 0083 e201 | 85d2 0f84 | 0f00 0000 

  0x00007874b51281ec: ;   {oop(nullptr)}
  0x00007874b51281ec: 49b8 0000 | 0000 0000 | 0000 e91d | 0000 0048 | 8b54 2450 

  0x00007874b5128200: ; implicit exception: dispatches to 0x00007874b51282ea
  0x00007874b5128200: 448b 4208 | 49ba 0000 | 0057 7478 | 0000 4d03 | c24d 8b40 | 704d 8b00 | 488b d748 | 8bc6 488b 
  0x00007874b5128220: f048 897c 

  0x00007874b5128224: ;   {optimized virtual_call}
  0x00007874b5128224: 2468 90e8 

  0x00007874b5128228: ; ImmutableOopMap {[72]=Oop [80]=Oop [88]=Oop [104]=Oop }
                      ;*invokevirtual checkAccess {reexecute=0 rethrow=0 return_oop=0}
                      ; - java.lang.reflect.Method::invoke@60 (line 571)
  0x00007874b5128228: 5489 fdff 

  0x00007874b512822c: ;   {other}
  0x00007874b512822c: 0f1f 8400 | 1c03 0002 | 488b 7424 | 488b 7e4c | 48c1 e703 | 4885 ff0f | 8516 0000 | 0066 0f1f 
  0x00007874b512824c: ;   {optimized virtual_call}
  0x00007874b512824c: 4400 00e8 

  0x00007874b5128250: ; ImmutableOopMap {[80]=Oop [88]=Oop [104]=Oop }
                      ;*invokevirtual acquireMethodAccessor {reexecute=0 rethrow=0 return_oop=0}
                      ; - java.lang.reflect.Method::invoke@75 (line 577)
  0x00007874b5128250: acc2 2100 

  0x00007874b5128254: ;   {other}
  0x00007874b5128254: 0f1f 8400 | 4403 0003 | 488b f88b | 4424 6085 | c00f 843f | 0000 004c | 8b44 2468 | 488b 5424 
  0x00007874b5128274: 5048 8b4c | 2458 488b | f748 b8a0 | 0c56 c174 

  0x00007874b5128284: ;   {virtual_call}
  0x00007874b5128284: 7800 00e8 

  0x00007874b5128288: ; ImmutableOopMap {}
                      ;*invokeinterface invoke {reexecute=0 rethrow=0 return_oop=0}
                      ; - java.lang.reflect.Method::invoke@90 (line 580)
  0x00007874b5128288: 517a 71ff 

  0x00007874b512828c: ;   {other}
  0x00007874b512828c: 0f1f 8400 | 7c03 0004 | 4881 c480 | 0000 005d 

  0x00007874b512829c: ;   {poll_return}
  0x00007874b512829c: 493b a750 | 0400 000f | 8746 0000 | 00c3 488b | 4c24 5848 | 8b54 2450 | 488b f766 | 0f1f 4400 
  0x00007874b51282bc: 0048 b8d0 | 1c1a 5774 

  0x00007874b51282c4: ;   {virtual_call}
  0x00007874b51282c4: 7800 00e8 

  0x00007874b51282c8: ; ImmutableOopMap {}
                      ;*invokeinterface invoke {reexecute=0 rethrow=0 return_oop=0}
                      ; - java.lang.reflect.Method::invoke@102 (line 580)
  0x00007874b51282c8: 54aa ffff 

  0x00007874b51282cc: ;   {other}
  0x00007874b51282cc: 0f1f 8400 | bc03 0005 | 4881 c480 | 0000 005d 

  0x00007874b51282dc: ;   {poll_return}
  0x00007874b51282dc: 493b a750 | 0400 000f | 871c 0000 

  0x00007874b51282e8: ;   {runtime_call throw_null_pointer_exception Runtime1 stub}
  0x00007874b51282e8: 00c3 e8b1 

  0x00007874b51282ec: ; ImmutableOopMap {rdi=Oop rsi=Oop rcx=Oop rdx=Oop [72]=Oop [80]=Oop [88]=Oop }
                      ;*invokevirtual getClass {reexecute=0 rethrow=0 return_oop=0}
                      ; - java.lang.reflect.Method::invoke@53 (line 572)
                      ;   {internal_word}
  0x00007874b51282ec: 4a7e ff49 | ba9c 8212 | b574 7800 | 004d 8997 | 6804 0000 

  0x00007874b5128300: ;   {runtime_call SafepointBlob}
  0x00007874b5128300: e9fb e072 

  0x00007874b5128304: ;   {internal_word}
  0x00007874b5128304: ff49 badc | 8212 b574 | 7800 004d | 8997 6804 

  0x00007874b5128314: ;   {runtime_call SafepointBlob}
  0x00007874b5128314: 0000 e9e5 | e072 ff49 | 8b87 0005 | 0000 49c7 | 8700 0500 | 0000 0000 | 0049 c787 | 0805 0000 
  0x00007874b5128334: 0000 0000 | 4881 c480 | 0000 005d 

  0x00007874b5128340: ;   {runtime_call unwind_exception Runtime1 stub}
  0x00007874b5128340: e9bb 2a7e | fff4 f4f4 
[Stub Code]
  0x00007874b5128348: ;   {no_reloc}
  0x00007874b5128348: 0f1f 4400 

  0x00007874b512834c: ;   {static_stub}
  0x00007874b512834c: 0048 bb00 | 0000 0000 

  0x00007874b5128354: ;   {runtime_call nmethod}
  0x00007874b5128354: 0000 00e9 | fbff ffff 

  0x00007874b512835c: ;   {static_stub}
  0x00007874b512835c: 9048 bb00 | 0000 0000 

  0x00007874b5128364: ;   {runtime_call nmethod}
  0x00007874b5128364: 0000 00e9 | fbff ffff 

  0x00007874b512836c: ;   {static_stub}
  0x00007874b512836c: 48bb 0000 | 0000 0000 

  0x00007874b5128374: ;   {runtime_call nmethod}
  0x00007874b5128374: 0000 e9fb 

  0x00007874b5128378: ;   {static_stub}
  0x00007874b5128378: ffff ff48 | bb00 0000 | 0000 0000 

  0x00007874b5128384: ;   {runtime_call nmethod}
  0x00007874b5128384: 00e9 fbff 

  0x00007874b5128388: ;   {static_stub}
  0x00007874b5128388: ffff 48bb | 0000 0000 | 0000 0000 

  0x00007874b5128394: ;   {runtime_call nmethod}
  0x00007874b5128394: e9fb ffff 

  0x00007874b5128398: ;   {static_stub}
  0x00007874b5128398: ff48 bbf8 | 5a04 5774 

  0x00007874b51283a0: ;   {runtime_call I2C/C2I adapters}
  0x00007874b51283a0: 7800 00e9 | dbb3 72ff 
[Exception Handler]
  0x00007874b51283a8: ;   {runtime_call handle_exception_from_callee Runtime1 stub}
  0x00007874b51283a8: e853 887e 

  0x00007874b51283ac: ;   {external_word}
  0x00007874b51283ac: ff48 bf53 | 2112 c674 | 7800 0048 

  0x00007874b51283b8: ;   {runtime_call MacroAssembler::debug64(char*, long, long*)}
  0x00007874b51283b8: 83e4 f0e8 | 8047 ad10 

  0x00007874b51283c0: ;   {section_word}
  0x00007874b51283c0: f449 bac1 | 8312 b574 | 7800 0041 

  0x00007874b51283cc: ;   {runtime_call DeoptimizationBlob}
  0x00007874b51283cc: 52e9 cef4 | 72ff f4f4 | f4f4 f4f4 
[/MachCode]


---------------  P R O C E S S  ---------------

Threads class SMR info:
_java_thread_list=0x000078742c0fbd60, length=31, elements={
0x00007874c015c8f0, 0x00007874c015de70, 0x00007874c015f620, 0x00007874c0160c70,
0x00007874c0162220, 0x00007874c0163930, 0x00007874c0177e50, 0x00007874c017aec0,
0x00007874c10029e0, 0x00007873f4076690, 0x00007874c1005ef0, 0x00007874c160cfd0,
0x00007874c161bcb0, 0x00007874c23bad10, 0x00007874c23bbf10, 0x00007874c23bd080,
0x00007874c23be200, 0x00007874c23bf380, 0x00007874c23c0e00, 0x00007874c23c2050,
0x00007874c23c31f0, 0x00007874c23c4780, 0x00007874c23c5df0, 0x00007874c23c8cb0,
0x00007874c23cf290, 0x00007874c001bd80, 0x00007873dc1feef0, 0x000078742c0d3a40,
0x00007873dc2d4730, 0x00007873dc05a080, 0x000078742c0fb2e0
}

Java Threads: ( => current thread )
  0x00007874c015c8f0 JavaThread "Reference Handler"          daemon [_thread_blocked, id=12297, stack(0x00007874ac900000,0x00007874aca00000) (1024K)]
  0x00007874c015de70 JavaThread "Finalizer"                  daemon [_thread_blocked, id=12298, stack(0x00007874ac800000,0x00007874ac900000) (1024K)]
  0x00007874c015f620 JavaThread "Signal Dispatcher"          daemon [_thread_blocked, id=12299, stack(0x00007874ac700000,0x00007874ac800000) (1024K)]
  0x00007874c0160c70 JavaThread "Service Thread"             daemon [_thread_blocked, id=12300, stack(0x00007874ac600000,0x00007874ac700000) (1024K)]
  0x00007874c0162220 JavaThread "Monitor Deflation Thread"   daemon [_thread_blocked, id=12301, stack(0x00007874ac500000,0x00007874ac600000) (1024K)]
  0x00007874c0163930 JavaThread "C1 CompilerThread0"         daemon [_thread_blocked, id=12302, stack(0x00007874ac400000,0x00007874ac500000) (1024K)]
  0x00007874c0177e50 JavaThread "Notification Thread"        daemon [_thread_blocked, id=12303, stack(0x00007874ac300000,0x00007874ac400000) (1024K)]
  0x00007874c017aec0 JavaThread "Common-Cleaner"             daemon [_thread_blocked, id=12304, stack(0x00007874ac200000,0x00007874ac300000) (1024K)]
  0x00007874c10029e0 JavaThread "Catalina-utility-1"                [_thread_blocked, id=12319, stack(0x00007874569fc000,0x0000787456afc000) (1024K)]
  0x00007873f4076690 JavaThread "Catalina-utility-2"                [_thread_blocked, id=12320, stack(0x00007874565f9000,0x00007874566f9000) (1024K)]
  0x00007874c1005ef0 JavaThread "container-0"                       [_thread_blocked, id=12321, stack(0x00007874563f8000,0x00007874564f8000) (1024K)]
  0x00007874c160cfd0 JavaThread "Cleaner-0"                  daemon [_thread_blocked, id=12323, stack(0x00007874562f8000,0x00007874563f8000) (1024K)]
  0x00007874c161bcb0 JavaThread "HikariPool-1:housekeeper"   daemon [_thread_blocked, id=12324, stack(0x00007874561f8000,0x00007874562f8000) (1024K)]
=>0x00007874c23bad10 JavaThread "http-nio-8080-exec-1"       daemon [_thread_in_native, id=12335, stack(0x0000787455ff8000,0x00007874560f8000) (1024K)]
  0x00007874c23bbf10 JavaThread "http-nio-8080-exec-2"       daemon [_thread_blocked, id=12336, stack(0x0000787455ef8000,0x0000787455ff8000) (1024K)]
  0x00007874c23bd080 JavaThread "http-nio-8080-exec-3"       daemon [_thread_blocked, id=12337, stack(0x0000787455df8000,0x0000787455ef8000) (1024K)]
  0x00007874c23be200 JavaThread "http-nio-8080-exec-4"       daemon [_thread_blocked, id=12338, stack(0x0000787455cf8000,0x0000787455df8000) (1024K)]
  0x00007874c23bf380 JavaThread "http-nio-8080-exec-5"       daemon [_thread_blocked, id=12339, stack(0x0000787455bf8000,0x0000787455cf8000) (1024K)]
  0x00007874c23c0e00 JavaThread "http-nio-8080-exec-6"       daemon [_thread_blocked, id=12340, stack(0x0000787455af8000,0x0000787455bf8000) (1024K)]
  0x00007874c23c2050 JavaThread "http-nio-8080-exec-7"       daemon [_thread_blocked, id=12341, stack(0x00007874559f8000,0x0000787455af8000) (1024K)]
  0x00007874c23c31f0 JavaThread "http-nio-8080-exec-8"       daemon [_thread_blocked, id=12342, stack(0x00007874558f8000,0x00007874559f8000) (1024K)]
  0x00007874c23c4780 JavaThread "http-nio-8080-exec-9"       daemon [_thread_blocked, id=12343, stack(0x00007874557f8000,0x00007874558f8000) (1024K)]
  0x00007874c23c5df0 JavaThread "http-nio-8080-exec-10"      daemon [_thread_blocked, id=12344, stack(0x00007874556f8000,0x00007874557f8000) (1024K)]
  0x00007874c23c8cb0 JavaThread "http-nio-8080-Poller"       daemon [_thread_in_native, id=12345, stack(0x00007874555f8000,0x00007874556f8000) (1024K)]
  0x00007874c23cf290 JavaThread "http-nio-8080-Acceptor"     daemon [_thread_in_native, id=12346, stack(0x00007874554f8000,0x00007874555f8000) (1024K)]
  0x00007874c001bd80 JavaThread "DestroyJavaVM"                     [_thread_blocked, id=12288, stack(0x00007874c4f00000,0x00007874c5000000) (1024K)]
  0x00007873dc1feef0 JavaThread "Java2D Disposer"            daemon [_thread_blocked, id=12902, stack(0x00007874ac100000,0x00007874ac200000) (1024K)]
  0x000078742c0d3a40 JavaThread "C1 CompilerThread1"         daemon [_thread_blocked, id=12903, stack(0x00007874ac000000,0x00007874ac100000) (1024K)]
  0x00007873dc2d4730 JavaThread "process reaper"             daemon [_thread_blocked, id=12909, stack(0x00007874c4006000,0x00007874c4028000) (136K)]
  0x00007873dc05a080 JavaThread "JNA Cleaner"                daemon [_thread_blocked, id=12910, stack(0x0000787456f00000,0x0000787457000000) (1024K)]
  0x000078742c0fb2e0 JavaThread "C1 CompilerThread2"         daemon [_thread_blocked, id=12911, stack(0x00007874560f8000,0x00007874561f8000) (1024K)]
Total: 31

Other Threads:
  0x00007874c0153aa0 VMThread "VM Thread"                           [id=12296, stack(0x00007874acff7000,0x00007874ad0f7000) (1024K)]
  0x00007874c0142200 WatcherThread "VM Periodic Task Thread"        [id=12295, stack(0x00007874ad0f8000,0x00007874ad1f8000) (1024K)]
  0x00007874c0082f40 WorkerThread "GC Thread#0"                     [id=12289, stack(0x00007874c42f8000,0x00007874c43f8000) (1024K)]
  0x0000787444007a30 WorkerThread "GC Thread#1"                     [id=12308, stack(0x0000787456e00000,0x0000787456f00000) (1024K)]
  0x00007874440084b0 WorkerThread "GC Thread#2"                     [id=12309, stack(0x0000787456cff000,0x0000787456dff000) (1024K)]
  0x0000787444008fb0 WorkerThread "GC Thread#3"                     [id=12310, stack(0x0000787456bfe000,0x0000787456cfe000) (1024K)]
  0x0000787444009ab0 WorkerThread "GC Thread#4"                     [id=12311, stack(0x0000787456afd000,0x0000787456bfd000) (1024K)]
  0x0000787444012a70 WorkerThread "GC Thread#5"                     [id=12313, stack(0x00007874568fc000,0x00007874569fc000) (1024K)]
  0x0000787444013200 WorkerThread "GC Thread#6"                     [id=12314, stack(0x00007874567fb000,0x00007874568fb000) (1024K)]
  0x0000787444013c40 WorkerThread "GC Thread#7"                     [id=12315, stack(0x00007874566fa000,0x00007874567fa000) (1024K)]
  0x00007874c0093ab0 ConcurrentGCThread "G1 Main Marker"            [id=12290, stack(0x00007874c41f7000,0x00007874c42f7000) (1024K)]
  0x00007874c0094a60 WorkerThread "G1 Conc#0"                       [id=12291, stack(0x00007874c40f6000,0x00007874c41f6000) (1024K)]
  0x00007874a0000d80 WorkerThread "G1 Conc#1"                       [id=12318, stack(0x00007874564f9000,0x00007874565f9000) (1024K)]
  0x00007874c0126f50 ConcurrentGCThread "G1 Refine#0"               [id=12292, stack(0x00007874ad2fa000,0x00007874ad3fa000) (1024K)]
  0x00007874c0127f20 ConcurrentGCThread "G1 Service"                [id=12293, stack(0x00007874ad1f9000,0x00007874ad2f9000) (1024K)]
Total: 15

Threads with active compile tasks:
Total: 0

VM state: not at safepoint (normal execution)

VM Mutex/Monitor currently owned by a thread: None

Heap address: 0x000000070ac00000, size: 3924 MB, Compressed Oops mode: Zero based, Oop shift amount: 3

CDS archive(s) mapped at: [0x0000787457000000-0x0000787457c9c000-0x0000787457c9c000), size 13221888, SharedBaseAddress: 0x0000787457000000, ArchiveRelocationMode: 1.
Compressed class space mapped at: 0x0000787458000000-0x0000787498000000, reserved size: 1073741824
Narrow klass base: 0x0000787457000000, Narrow klass shift: 0, Narrow klass range: 0x100000000

GC Precious Log:
 CardTable entry size: 512
 Card Set container configuration: InlinePtr #cards 4 size 8 Array Of Cards #cards 16 size 48 Howl #buckets 8 coarsen threshold 3686 Howl Bitmap #cards 512 size 80 coarsen threshold 460 Card regions per heap region 1 cards per card region 4096
 CPUs: 8 total, 8 available
 Memory: 15695M
 Large Page Support: Disabled
 NUMA Support: Disabled
 Compressed Oops: Enabled (Zero based)
 Heap Region Size: 2M
 Heap Min Capacity: 8M
 Heap Initial Capacity: 246M
 Heap Max Capacity: 3924M
 Pre-touch: Disabled
 Parallel Workers: 8
 Concurrent Workers: 2
 Concurrent Refinement Workers: 8
 Periodic GC: Disabled

Heap:
 garbage-first heap   total 194560K, used 113948K [0x000000070ac00000, 0x0000000800000000)
  region size 2048K, 3 young (6144K), 2 survivors (4096K)
 Metaspace       used 85213K, committed 85952K, reserved 1179648K
  class space    used 12092K, committed 12416K, reserved 1048576K

Heap Regions: E=young(eden), S=young(survivor), O=old, HS=humongous(starts), HC=humongous(continues), CS=collection set, F=free, TAMS=top-at-mark-start, PB=parsable bottom
|   0|0x000000070ac00000, 0x000000070ae00000, 0x000000070ae00000|100%| O|  |TAMS 0x000000070ac00000| PB 0x000000070ac00000| Untracked 
|   1|0x000000070ae00000, 0x000000070b000000, 0x000000070b000000|100%| O|  |TAMS 0x000000070ae00000| PB 0x000000070ae00000| Untracked 
|   2|0x000000070b000000, 0x000000070b200000, 0x000000070b200000|100%| O|  |TAMS 0x000000070b000000| PB 0x000000070b000000| Untracked 
|   3|0x000000070b200000, 0x000000070b400000, 0x000000070b400000|100%| O|  |TAMS 0x000000070b200000| PB 0x000000070b200000| Untracked 
|   4|0x000000070b400000, 0x000000070b600000, 0x000000070b600000|100%| O|  |TAMS 0x000000070b400000| PB 0x000000070b400000| Untracked 
|   5|0x000000070b600000, 0x000000070b800000, 0x000000070b800000|100%| O|  |TAMS 0x000000070b600000| PB 0x000000070b600000| Untracked 
|   6|0x000000070b800000, 0x000000070ba00000, 0x000000070ba00000|100%| O|  |TAMS 0x000000070b800000| PB 0x000000070b800000| Untracked 
|   7|0x000000070ba00000, 0x000000070bc00000, 0x000000070bc00000|100%| O|  |TAMS 0x000000070ba00000| PB 0x000000070ba00000| Untracked 
|   8|0x000000070bc00000, 0x000000070be00000, 0x000000070be00000|100%| O|  |TAMS 0x000000070bc00000| PB 0x000000070bc00000| Untracked 
|   9|0x000000070be00000, 0x000000070c000000, 0x000000070c000000|100%| O|  |TAMS 0x000000070be00000| PB 0x000000070be00000| Untracked 
|  10|0x000000070c000000, 0x000000070c200000, 0x000000070c200000|100%| O|Cm|TAMS 0x000000070c000000| PB 0x000000070c000000| Complete 
|  11|0x000000070c200000, 0x000000070c200000, 0x000000070c400000|  0%| F|  |TAMS 0x000000070c200000| PB 0x000000070c200000| Untracked 
|  12|0x000000070c400000, 0x000000070c47dfb0, 0x000000070c600000| 24%| O|  |TAMS 0x000000070c400000| PB 0x000000070c400000| Untracked 
|  13|0x000000070c600000, 0x000000070c800000, 0x000000070c800000|100%| O|  |TAMS 0x000000070c600000| PB 0x000000070c600000| Untracked 
|  14|0x000000070c800000, 0x000000070ca00000, 0x000000070ca00000|100%| O|  |TAMS 0x000000070c800000| PB 0x000000070c800000| Untracked 
|  15|0x000000070ca00000, 0x000000070cc00000, 0x000000070cc00000|100%| O|Cm|TAMS 0x000000070ca00000| PB 0x000000070ca00000| Complete 
|  16|0x000000070cc00000, 0x000000070ce00000, 0x000000070ce00000|100%|HS|  |TAMS 0x000000070cc00000| PB 0x000000070cc00000| Complete 
|  17|0x000000070ce00000, 0x000000070d000000, 0x000000070d000000|100%|HC|  |TAMS 0x000000070ce00000| PB 0x000000070ce00000| Complete 
|  18|0x000000070d000000, 0x000000070d200000, 0x000000070d200000|100%|HC|  |TAMS 0x000000070d000000| PB 0x000000070d000000| Complete 
|  19|0x000000070d200000, 0x000000070d400000, 0x000000070d400000|100%|HC|  |TAMS 0x000000070d200000| PB 0x000000070d200000| Complete 
|  20|0x000000070d400000, 0x000000070d600000, 0x000000070d600000|100%|HC|  |TAMS 0x000000070d400000| PB 0x000000070d400000| Complete 
|  21|0x000000070d600000, 0x000000070d800000, 0x000000070d800000|100%|HC|  |TAMS 0x000000070d600000| PB 0x000000070d600000| Complete 
|  22|0x000000070d800000, 0x000000070da00000, 0x000000070da00000|100%|HC|  |TAMS 0x000000070d800000| PB 0x000000070d800000| Complete 
|  23|0x000000070da00000, 0x000000070dc00000, 0x000000070dc00000|100%|HC|  |TAMS 0x000000070da00000| PB 0x000000070da00000| Complete 
|  24|0x000000070dc00000, 0x000000070de00000, 0x000000070de00000|100%|HC|  |TAMS 0x000000070dc00000| PB 0x000000070dc00000| Complete 
|  25|0x000000070de00000, 0x000000070e000000, 0x000000070e000000|100%|HC|  |TAMS 0x000000070de00000| PB 0x000000070de00000| Complete 
|  26|0x000000070e000000, 0x000000070e200000, 0x000000070e200000|100%|HC|  |TAMS 0x000000070e000000| PB 0x000000070e000000| Complete 
|  27|0x000000070e200000, 0x000000070e400000, 0x000000070e400000|100%|HC|  |TAMS 0x000000070e200000| PB 0x000000070e200000| Complete 
|  28|0x000000070e400000, 0x000000070e600000, 0x000000070e600000|100%|HC|  |TAMS 0x000000070e400000| PB 0x000000070e400000| Complete 
|  29|0x000000070e600000, 0x000000070e800000, 0x000000070e800000|100%|HS|  |TAMS 0x000000070e600000| PB 0x000000070e600000| Complete 
|  30|0x000000070e800000, 0x000000070ea00000, 0x000000070ea00000|100%|HC|  |TAMS 0x000000070e800000| PB 0x000000070e800000| Complete 
|  31|0x000000070ea00000, 0x000000070ec00000, 0x000000070ec00000|100%|HC|  |TAMS 0x000000070ea00000| PB 0x000000070ea00000| Complete 
|  32|0x000000070ec00000, 0x000000070ee00000, 0x000000070ee00000|100%|HC|  |TAMS 0x000000070ec00000| PB 0x000000070ec00000| Complete 
|  33|0x000000070ee00000, 0x000000070f000000, 0x000000070f000000|100%|HC|  |TAMS 0x000000070ee00000| PB 0x000000070ee00000| Complete 
|  34|0x000000070f000000, 0x000000070f200000, 0x000000070f200000|100%|HC|  |TAMS 0x000000070f000000| PB 0x000000070f000000| Complete 
|  35|0x000000070f200000, 0x000000070f400000, 0x000000070f400000|100%|HC|  |TAMS 0x000000070f200000| PB 0x000000070f200000| Complete 
|  36|0x000000070f400000, 0x000000070f600000, 0x000000070f600000|100%|HC|  |TAMS 0x000000070f400000| PB 0x000000070f400000| Complete 
|  37|0x000000070f600000, 0x000000070f800000, 0x000000070f800000|100%|HC|  |TAMS 0x000000070f600000| PB 0x000000070f600000| Complete 
|  38|0x000000070f800000, 0x000000070fa00000, 0x000000070fa00000|100%|HC|  |TAMS 0x000000070f800000| PB 0x000000070f800000| Complete 
|  39|0x000000070fa00000, 0x000000070fc00000, 0x000000070fc00000|100%|HC|  |TAMS 0x000000070fa00000| PB 0x000000070fa00000| Complete 
|  40|0x000000070fc00000, 0x000000070fe00000, 0x000000070fe00000|100%|HC|  |TAMS 0x000000070fc00000| PB 0x000000070fc00000| Complete 
|  41|0x000000070fe00000, 0x0000000710000000, 0x0000000710000000|100%|HC|  |TAMS 0x000000070fe00000| PB 0x000000070fe00000| Complete 
|  42|0x0000000710000000, 0x0000000710200000, 0x0000000710200000|100%|HS|  |TAMS 0x0000000710000000| PB 0x0000000710000000| Complete 
|  43|0x0000000710200000, 0x0000000710400000, 0x0000000710400000|100%|HC|  |TAMS 0x0000000710200000| PB 0x0000000710200000| Complete 
|  44|0x0000000710400000, 0x0000000710600000, 0x0000000710600000|100%|HC|  |TAMS 0x0000000710400000| PB 0x0000000710400000| Complete 
|  45|0x0000000710600000, 0x0000000710800000, 0x0000000710800000|100%|HC|  |TAMS 0x0000000710600000| PB 0x0000000710600000| Complete 
|  46|0x0000000710800000, 0x0000000710a00000, 0x0000000710a00000|100%|HC|  |TAMS 0x0000000710800000| PB 0x0000000710800000| Complete 
|  47|0x0000000710a00000, 0x0000000710c00000, 0x0000000710c00000|100%|HC|  |TAMS 0x0000000710a00000| PB 0x0000000710a00000| Complete 
|  48|0x0000000710c00000, 0x0000000710e00000, 0x0000000710e00000|100%|HC|  |TAMS 0x0000000710c00000| PB 0x0000000710c00000| Complete 
|  49|0x0000000710e00000, 0x0000000711000000, 0x0000000711000000|100%|HC|  |TAMS 0x0000000710e00000| PB 0x0000000710e00000| Complete 
|  50|0x0000000711000000, 0x0000000711200000, 0x0000000711200000|100%|HC|  |TAMS 0x0000000711000000| PB 0x0000000711000000| Complete 
|  51|0x0000000711200000, 0x0000000711400000, 0x0000000711400000|100%|HC|  |TAMS 0x0000000711200000| PB 0x0000000711200000| Complete 
|  52|0x0000000711400000, 0x0000000711600000, 0x0000000711600000|100%|HC|  |TAMS 0x0000000711400000| PB 0x0000000711400000| Complete 
|  53|0x0000000711600000, 0x0000000711800000, 0x0000000711800000|100%|HC|  |TAMS 0x0000000711600000| PB 0x0000000711600000| Complete 
|  54|0x0000000711800000, 0x0000000711a00000, 0x0000000711a00000|100%|HC|  |TAMS 0x0000000711800000| PB 0x0000000711800000| Complete 
|  55|0x0000000711a00000, 0x0000000711a00000, 0x0000000711c00000|  0%| F|  |TAMS 0x0000000711a00000| PB 0x0000000711a00000| Untracked 
|  56|0x0000000711c00000, 0x0000000711c00000, 0x0000000711e00000|  0%| F|  |TAMS 0x0000000711c00000| PB 0x0000000711c00000| Untracked 
|  57|0x0000000711e00000, 0x0000000711e00000, 0x0000000712000000|  0%| F|  |TAMS 0x0000000711e00000| PB 0x0000000711e00000| Untracked 
|  58|0x0000000712000000, 0x0000000712000000, 0x0000000712200000|  0%| F|  |TAMS 0x0000000712000000| PB 0x0000000712000000| Untracked 
|  59|0x0000000712200000, 0x0000000712200000, 0x0000000712400000|  0%| F|  |TAMS 0x0000000712200000| PB 0x0000000712200000| Untracked 
|  60|0x0000000712400000, 0x0000000712400000, 0x0000000712600000|  0%| F|  |TAMS 0x0000000712400000| PB 0x0000000712400000| Untracked 
|  61|0x0000000712600000, 0x0000000712600000, 0x0000000712800000|  0%| F|  |TAMS 0x0000000712600000| PB 0x0000000712600000| Untracked 
|  62|0x0000000712800000, 0x0000000712800000, 0x0000000712a00000|  0%| F|  |TAMS 0x0000000712800000| PB 0x0000000712800000| Untracked 
|  63|0x0000000712a00000, 0x0000000712a00000, 0x0000000712c00000|  0%| F|  |TAMS 0x0000000712a00000| PB 0x0000000712a00000| Untracked 
|  64|0x0000000712c00000, 0x0000000712c00000, 0x0000000712e00000|  0%| F|  |TAMS 0x0000000712c00000| PB 0x0000000712c00000| Untracked 
|  65|0x0000000712e00000, 0x0000000712e00000, 0x0000000713000000|  0%| F|  |TAMS 0x0000000712e00000| PB 0x0000000712e00000| Untracked 
|  66|0x0000000713000000, 0x0000000713000000, 0x0000000713200000|  0%| F|  |TAMS 0x0000000713000000| PB 0x0000000713000000| Untracked 
|  67|0x0000000713200000, 0x0000000713200000, 0x0000000713400000|  0%| F|  |TAMS 0x0000000713200000| PB 0x0000000713200000| Untracked 
|  68|0x0000000713400000, 0x0000000713400000, 0x0000000713600000|  0%| F|  |TAMS 0x0000000713400000| PB 0x0000000713400000| Untracked 
|  69|0x0000000713600000, 0x0000000713600000, 0x0000000713800000|  0%| F|  |TAMS 0x0000000713600000| PB 0x0000000713600000| Untracked 
|  70|0x0000000713800000, 0x0000000713800000, 0x0000000713a00000|  0%| F|  |TAMS 0x0000000713800000| PB 0x0000000713800000| Untracked 
|  71|0x0000000713a00000, 0x0000000713a00000, 0x0000000713c00000|  0%| F|  |TAMS 0x0000000713a00000| PB 0x0000000713a00000| Untracked 
|  72|0x0000000713c00000, 0x0000000713c00000, 0x0000000713e00000|  0%| F|  |TAMS 0x0000000713c00000| PB 0x0000000713c00000| Untracked 
|  73|0x0000000713e00000, 0x0000000713e00000, 0x0000000714000000|  0%| F|  |TAMS 0x0000000713e00000| PB 0x0000000713e00000| Untracked 
|  74|0x0000000714000000, 0x0000000714000000, 0x0000000714200000|  0%| F|  |TAMS 0x0000000714000000| PB 0x0000000714000000| Untracked 
|  75|0x0000000714200000, 0x0000000714200000, 0x0000000714400000|  0%| F|  |TAMS 0x0000000714200000| PB 0x0000000714200000| Untracked 
|  76|0x0000000714400000, 0x0000000714400000, 0x0000000714600000|  0%| F|  |TAMS 0x0000000714400000| PB 0x0000000714400000| Untracked 
|  77|0x0000000714600000, 0x0000000714600000, 0x0000000714800000|  0%| F|  |TAMS 0x0000000714600000| PB 0x0000000714600000| Untracked 
|  78|0x0000000714800000, 0x0000000714800000, 0x0000000714a00000|  0%| F|  |TAMS 0x0000000714800000| PB 0x0000000714800000| Untracked 
|  79|0x0000000714a00000, 0x0000000714a00000, 0x0000000714c00000|  0%| F|  |TAMS 0x0000000714a00000| PB 0x0000000714a00000| Untracked 
|  80|0x0000000714c00000, 0x0000000714c00000, 0x0000000714e00000|  0%| F|  |TAMS 0x0000000714c00000| PB 0x0000000714c00000| Untracked 
|  81|0x0000000714e00000, 0x0000000714e00000, 0x0000000715000000|  0%| F|  |TAMS 0x0000000714e00000| PB 0x0000000714e00000| Untracked 
|  82|0x0000000715000000, 0x0000000715000000, 0x0000000715200000|  0%| F|  |TAMS 0x0000000715000000| PB 0x0000000715000000| Untracked 
|  83|0x0000000715200000, 0x0000000715200000, 0x0000000715400000|  0%| F|  |TAMS 0x0000000715200000| PB 0x0000000715200000| Untracked 
|  84|0x0000000715400000, 0x0000000715400000, 0x0000000715600000|  0%| F|  |TAMS 0x0000000715400000| PB 0x0000000715400000| Untracked 
|  85|0x0000000715600000, 0x0000000715600000, 0x0000000715800000|  0%| F|  |TAMS 0x0000000715600000| PB 0x0000000715600000| Untracked 
|  86|0x0000000715800000, 0x0000000715800000, 0x0000000715a00000|  0%| F|  |TAMS 0x0000000715800000| PB 0x0000000715800000| Untracked 
|  87|0x0000000715a00000, 0x0000000715a00000, 0x0000000715c00000|  0%| F|  |TAMS 0x0000000715a00000| PB 0x0000000715a00000| Untracked 
|  88|0x0000000715c00000, 0x0000000715c00000, 0x0000000715e00000|  0%| F|  |TAMS 0x0000000715c00000| PB 0x0000000715c00000| Untracked 
|  89|0x0000000715e00000, 0x0000000715e00000, 0x0000000716000000|  0%| F|  |TAMS 0x0000000715e00000| PB 0x0000000715e00000| Untracked 
|  92|0x0000000716400000, 0x00000007164c9240, 0x0000000716600000| 39%| S|CS|TAMS 0x0000000716400000| PB 0x0000000716400000| Complete 
|  93|0x0000000716600000, 0x0000000716800000, 0x0000000716800000|100%| S|CS|TAMS 0x0000000716600000| PB 0x0000000716600000| Complete 
| 122|0x000000071a000000, 0x000000071a000000, 0x000000071a200000|  0%| F|  |TAMS 0x000000071a000000| PB 0x000000071a000000| Untracked 
|1960|0x00000007ffc00000, 0x00000007ffe00000, 0x00000007ffe00000|100%| O|  |TAMS 0x00000007ffc00000| PB 0x00000007ffc00000| Untracked 
|1961|0x00000007ffe00000, 0x00000007fff325a8, 0x0000000800000000| 59%| E|  |TAMS 0x00000007ffe00000| PB 0x00000007ffe00000| Complete 

Card table byte_map: [0x00007874b38ac000,0x00007874b4056000] _byte_map_base: 0x00007874b0056000

Marking Bits: (CMBitMap*) 0x00007874c0083a80
 Bits: [0x00007874afb5c000, 0x00007874b38ac000)

Polling page: 0x00007874c696d000

Metaspace:

Usage:
  Non-class:     71.41 MB used.
      Class:     11.81 MB used.
       Both:     83.22 MB used.

Virtual space:
  Non-class space:      128.00 MB reserved,      71.81 MB ( 56%) committed,  2 nodes.
      Class space:        1.00 GB reserved,      12.12 MB (  1%) committed,  1 nodes.
             Both:        1.12 GB reserved,      83.94 MB (  7%) committed. 

Chunk freelists:
   Non-Class:  7.86 MB
       Class:  3.83 MB
        Both:  11.69 MB

MaxMetaspaceSize: unlimited
CompressedClassSpaceSize: 1.00 GB
Initial GC threshold: 21.00 MB
Current GC threshold: 139.94 MB
CDS: on
 - commit_granule_bytes: 65536.
 - commit_granule_words: 8192.
 - virtual_space_node_default_size: 8388608.
 - enlarge_chunks_in_place: 1.
 - use_allocation_guard: 0.


Internal statistics:

num_allocs_failed_limit: 18.
num_arena_births: 1168.
num_arena_deaths: 380.
num_vsnodes_births: 3.
num_vsnodes_deaths: 0.
num_space_committed: 1343.
num_space_uncommitted: 0.
num_chunks_returned_to_freelist: 433.
num_chunks_taken_from_freelist: 4326.
num_chunk_merges: 109.
num_chunk_splits: 2992.
num_chunks_enlarged: 2399.
num_inconsistent_stats: 0.

CodeCache: size=49152Kb used=12305Kb max_used=13592Kb free=36846Kb
 bounds [0x00007874b4800000, 0x00007874b5550000, 0x00007874b7800000]
 total_blobs=6656, nmethods=5750, adapters=829, full_count=0
Compilation: enabled, stopped_count=0, restarted_count=0

Compilation events (20 events):
Event: 129.271 Thread 0x00007874c0163930 6807       1       com.github.jaiimageio.plugins.tiff.TIFFTag::hasValueNames (13 bytes)
Event: 129.271 Thread 0x00007874c0163930 nmethod 6807 0x00007874b5541410 code [0x00007874b55415a0, 0x00007874b5541678]
Event: 129.271 Thread 0x00007874c0163930 6810       1       javax.imageio.metadata.IIOMetadataNode::getAttributes (12 bytes)
Event: 129.271 Thread 0x000078742c0d3a40 nmethod 6805 0x00007874b5541710 code [0x00007874b5541900, 0x00007874b5541bf8]
Event: 129.271 Thread 0x000078742c0d3a40 6811       1       javax.imageio.metadata.IIONamedNodeMap::<init> (10 bytes)
Event: 129.271 Thread 0x00007874c0163930 nmethod 6810 0x00007874b5541d90 code [0x00007874b5541f20, 0x00007874b5542090]
Event: 129.271 Thread 0x00007874c0163930 6808       1       javax.imageio.metadata.IIOAttr::getNodeName (5 bytes)
Event: 129.271 Thread 0x000078742c0d3a40 nmethod 6811 0x00007874b5542110 code [0x00007874b55422a0, 0x00007874b55423b0]
Event: 129.271 Thread 0x000078742c0d3a40 6809       1       javax.imageio.metadata.IIOAttr::getNodeValue (5 bytes)
Event: 129.271 Thread 0x00007874c0163930 nmethod 6808 0x00007874b5542410 code [0x00007874b55425a0, 0x00007874b5542668]
Event: 129.271 Thread 0x00007874c0163930 6812       1       javax.imageio.metadata.IIONamedNodeMap::getNamedItem (49 bytes)
Event: 129.271 Thread 0x000078742c0d3a40 nmethod 6809 0x00007874b5542710 code [0x00007874b55428a0, 0x00007874b5542968]
Event: 129.271 Thread 0x000078742c0d3a40 6813       1       com.github.jaiimageio.plugins.tiff.TIFFField::getAttribute (20 bytes)
Event: 129.271 Thread 0x000078742c0d3a40 nmethod 6813 0x00007874b5542a10 code [0x00007874b5542bc0, 0x00007874b5542dc0]
Event: 129.271 Thread 0x000078742c0d3a40 6814       1       javax.imageio.metadata.IIOMetadataNode::getFirstChild (5 bytes)
Event: 129.272 Thread 0x00007874c0163930 nmethod 6812 0x00007874b5542f10 code [0x00007874b5543100, 0x00007874b5543380]
Event: 129.272 Thread 0x000078742c0d3a40 nmethod 6814 0x00007874b5543510 code [0x00007874b55436a0, 0x00007874b5543768]
Event: 129.273 Thread 0x000078742c0fb2e0 nmethod 6806 0x00007874b5543810 code [0x00007874b5543c80, 0x00007874b5545120]
Event: 129.273 Thread 0x000078742c0fb2e0 6815       1       com.github.jaiimageio.plugins.tiff.TIFFField::getTagNumber (5 bytes)
Event: 129.273 Thread 0x000078742c0fb2e0 nmethod 6815 0x00007874b5545d90 code [0x00007874b5545f20, 0x00007874b5545fe0]

GC Heap History (20 events):
Event: 6.435 GC heap before
{Heap before GC invocations=10 (full 0):
 garbage-first heap   total 81920K, used 26008K [0x000000070ac00000, 0x0000000800000000)
  region size 2048K, 3 young (6144K), 2 survivors (4096K)
 Metaspace       used 60253K, committed 60928K, reserved 1114112K
  class space    used 8492K, committed 8768K, reserved 1048576K
}
Event: 6.439 GC heap after
{Heap after GC invocations=11 (full 0):
 garbage-first heap   total 81920K, used 25649K [0x000000070ac00000, 0x0000000800000000)
  region size 2048K, 1 young (2048K), 1 survivors (2048K)
 Metaspace       used 60253K, committed 60928K, reserved 1114112K
  class space    used 8492K, committed 8768K, reserved 1048576K
}
Event: 7.684 GC heap before
{Heap before GC invocations=12 (full 0):
 garbage-first heap   total 81920K, used 70705K [0x000000070ac00000, 0x0000000800000000)
  region size 2048K, 23 young (47104K), 1 survivors (2048K)
 Metaspace       used 70182K, committed 70848K, reserved 1114112K
  class space    used 10075K, committed 10368K, reserved 1048576K
}
Event: 7.690 GC heap after
{Heap after GC invocations=13 (full 0):
 garbage-first heap   total 81920K, used 28650K [0x000000070ac00000, 0x0000000800000000)
  region size 2048K, 3 young (6144K), 3 survivors (6144K)
 Metaspace       used 70182K, committed 70848K, reserved 1114112K
  class space    used 10075K, committed 10368K, reserved 1048576K
}
Event: 8.776 GC heap before
{Heap before GC invocations=13 (full 0):
 garbage-first heap   total 81920K, used 71658K [0x000000070ac00000, 0x0000000800000000)
  region size 2048K, 24 young (49152K), 3 survivors (6144K)
 Metaspace       used 75579K, committed 76352K, reserved 1114112K
  class space    used 10864K, committed 11200K, reserved 1048576K
}
Event: 8.792 GC heap after
{Heap after GC invocations=14 (full 0):
 garbage-first heap   total 83968K, used 31666K [0x000000070ac00000, 0x0000000800000000)
  region size 2048K, 3 young (6144K), 3 survivors (6144K)
 Metaspace       used 75579K, committed 76352K, reserved 1114112K
  class space    used 10864K, committed 11200K, reserved 1048576K
}
Event: 122.133 GC heap before
{Heap before GC invocations=14 (full 0):
 garbage-first heap   total 83968K, used 43954K [0x000000070ac00000, 0x0000000800000000)
  region size 2048K, 11 young (22528K), 3 survivors (6144K)
 Metaspace       used 80103K, committed 80832K, reserved 1179648K
  class space    used 11461K, committed 11776K, reserved 1048576K
}
Event: 122.141 GC heap after
{Heap after GC invocations=15 (full 0):
 garbage-first heap   total 83968K, used 33112K [0x000000070ac00000, 0x0000000800000000)
  region size 2048K, 1 young (2048K), 1 survivors (2048K)
 Metaspace       used 80103K, committed 80832K, reserved 1179648K
  class space    used 11461K, committed 11776K, reserved 1048576K
}
Event: 127.648 GC heap before
{Heap before GC invocations=16 (full 0):
 garbage-first heap   total 178176K, used 166232K [0x000000070ac00000, 0x0000000800000000)
  region size 2048K, 20 young (40960K), 1 survivors (2048K)
 Metaspace       used 84219K, committed 84928K, reserved 1179648K
  class space    used 11916K, committed 12224K, reserved 1048576K
}
Event: 127.652 GC heap after
{Heap after GC invocations=17 (full 0):
 garbage-first heap   total 178176K, used 130219K [0x000000070ac00000, 0x0000000800000000)
  region size 2048K, 2 young (4096K), 2 survivors (4096K)
 Metaspace       used 84219K, committed 84928K, reserved 1179648K
  class space    used 11916K, committed 12224K, reserved 1048576K
}
Event: 127.888 GC heap before
{Heap before GC invocations=17 (full 0):
 garbage-first heap   total 178176K, used 162987K [0x000000070ac00000, 0x0000000800000000)
  region size 2048K, 19 young (38912K), 2 survivors (4096K)
 Metaspace       used 84404K, committed 85120K, reserved 1179648K
  class space    used 11966K, committed 12288K, reserved 1048576K
}
Event: 127.894 GC heap after
{Heap after GC invocations=18 (full 0):
 garbage-first heap   total 178176K, used 60299K [0x000000070ac00000, 0x0000000800000000)
  region size 2048K, 2 young (4096K), 2 survivors (4096K)
 Metaspace       used 84404K, committed 85120K, reserved 1179648K
  class space    used 11966K, committed 12288K, reserved 1048576K
}
Event: 128.441 GC heap before
{Heap before GC invocations=18 (full 0):
 garbage-first heap   total 178176K, used 174987K [0x000000070ac00000, 0x0000000800000000)
  region size 2048K, 45 young (92160K), 2 survivors (4096K)
 Metaspace       used 84404K, committed 85120K, reserved 1179648K
  class space    used 11966K, committed 12288K, reserved 1048576K
}
Event: 128.446 GC heap after
{Heap after GC invocations=19 (full 0):
 garbage-first heap   total 182272K, used 86907K [0x000000070ac00000, 0x0000000800000000)
  region size 2048K, 2 young (4096K), 2 survivors (4096K)
 Metaspace       used 84404K, committed 85120K, reserved 1179648K
  class space    used 11966K, committed 12288K, reserved 1048576K
}
Event: 128.902 GC heap before
{Heap before GC invocations=19 (full 0):
 garbage-first heap   total 182272K, used 168827K [0x000000070ac00000, 0x0000000800000000)
  region size 2048K, 42 young (86016K), 2 survivors (4096K)
 Metaspace       used 84404K, committed 85120K, reserved 1179648K
  class space    used 11966K, committed 12288K, reserved 1048576K
}
Event: 128.906 GC heap after
{Heap after GC invocations=20 (full 0):
 garbage-first heap   total 182272K, used 60310K [0x000000070ac00000, 0x0000000800000000)
  region size 2048K, 2 young (4096K), 2 survivors (4096K)
 Metaspace       used 84404K, committed 85120K, reserved 1179648K
  class space    used 11966K, committed 12288K, reserved 1048576K
}
Event: 129.151 GC heap before
{Heap before GC invocations=20 (full 0):
 garbage-first heap   total 182272K, used 88982K [0x000000070ac00000, 0x0000000800000000)
  region size 2048K, 17 young (34816K), 2 survivors (4096K)
 Metaspace       used 85258K, committed 85888K, reserved 1179648K
  class space    used 12107K, committed 12416K, reserved 1048576K
}
Event: 129.155 GC heap after
{Heap after GC invocations=21 (full 0):
 garbage-first heap   total 182272K, used 34098K [0x000000070ac00000, 0x0000000800000000)
  region size 2048K, 2 young (4096K), 2 survivors (4096K)
 Metaspace       used 85258K, committed 85888K, reserved 1179648K
  class space    used 12107K, committed 12416K, reserved 1048576K
}
Event: 129.273 GC heap before
{Heap before GC invocations=21 (full 0):
 garbage-first heap   total 182272K, used 62770K [0x000000070ac00000, 0x0000000800000000)
  region size 2048K, 4 young (8192K), 2 survivors (4096K)
 Metaspace       used 85274K, committed 85952K, reserved 1179648K
  class space    used 12108K, committed 12416K, reserved 1048576K
}
Event: 129.279 GC heap after
{Heap after GC invocations=22 (full 0):
 garbage-first heap   total 182272K, used 60700K [0x000000070ac00000, 0x0000000800000000)
  region size 2048K, 2 young (4096K), 2 survivors (4096K)
 Metaspace       used 85274K, committed 85952K, reserved 1179648K
  class space    used 12108K, committed 12416K, reserved 1048576K
}

Dll operation events (12 events):
Event: 0.003 Loaded shared library /usr/lib/jvm/java-21-openjdk-amd64/lib/libjava.so
Event: 0.062 Loaded shared library /usr/lib/jvm/java-21-openjdk-amd64/lib/libnio.so
Event: 0.067 Loaded shared library /usr/lib/jvm/java-21-openjdk-amd64/lib/libzip.so
Event: 0.220 Loaded shared library /usr/lib/jvm/java-21-openjdk-amd64/lib/libjimage.so
Event: 1.605 Loaded shared library /usr/lib/jvm/java-21-openjdk-amd64/lib/libnet.so
Event: 3.516 Loaded shared library /usr/lib/jvm/java-21-openjdk-amd64/lib/libmanagement.so
Event: 3.518 Loaded shared library /usr/lib/jvm/java-21-openjdk-amd64/lib/libmanagement_ext.so
Event: 4.801 Loaded shared library /usr/lib/jvm/java-21-openjdk-amd64/lib/libextnet.so
Event: 122.086 Loaded shared library /usr/lib/jvm/java-21-openjdk-amd64/lib/libawt.so
Event: 122.088 Loaded shared library /usr/lib/jvm/java-21-openjdk-amd64/lib/libawt_headless.so
Event: 122.690 Loaded shared library /usr/lib/jvm/java-21-openjdk-amd64/lib/liblcms.so
Event: 129.051 Loaded shared library /home/qualian/.cache/JNA/temp/jna1600261366887446621.tmp

Deoptimization events (2 events):
Event: 4.824 Thread 0x00007874c001bd80 DEOPT PACKING pc=0x00007874b4dc89fc sp=0x00007874c4ff9ea0
Event: 4.824 Thread 0x00007874c001bd80 DEOPT UNPACKING pc=0x00007874b485814f sp=0x00007874c4ff93f0 mode 0

Classes loaded (20 events):
Event: 129.079 Loading class java/lang/ProcessImpl$ProcessPipeOutputStream
Event: 129.079 Loading class java/lang/ProcessImpl$ProcessPipeOutputStream done
Event: 129.081 Loading class java/lang/ProcessImpl$ProcessPipeInputStream
Event: 129.081 Loading class java/lang/ProcessImpl$ProcessPipeInputStream done
Event: 129.083 Loading class java/lang/Process$PipeInputStream
Event: 129.083 Loading class java/lang/Process$PipeInputStream done
Event: 129.083 Loading class java/lang/ProcessHandleImpl$ExitCompletion
Event: 129.084 Loading class java/lang/ProcessHandleImpl$ExitCompletion done
Event: 129.084 Loading class java/lang/ProcessHandleImpl$1
Event: 129.084 Loading class java/lang/ProcessHandleImpl$1 done
Event: 129.085 Loading class java/util/concurrent/CompletableFuture$UniHandle
Event: 129.085 Loading class java/util/concurrent/CompletableFuture$UniCompletion
Event: 129.085 Loading class java/util/concurrent/CompletableFuture$UniCompletion done
Event: 129.085 Loading class java/util/concurrent/CompletableFuture$UniHandle done
Event: 129.085 Loading class jdk/internal/event/ProcessStartEvent
Event: 129.085 Loading class jdk/internal/event/ProcessStartEvent done
Event: 129.086 Loading class java/lang/ProcessBuilder$NullInputStream
Event: 129.086 Loading class java/lang/ProcessBuilder$NullInputStream done
Event: 129.087 Loading class java/lang/ProcessBuilder$NullOutputStream
Event: 129.087 Loading class java/lang/ProcessBuilder$NullOutputStream done

Classes unloaded (20 events):
Event: 129.338 Thread 0x00007874c0153aa0 Unloading class 0x0000787458a88000 'java/lang/invoke/LambdaForm$MH+0x0000787458a88000'
Event: 129.338 Thread 0x00007874c0153aa0 Unloading class 0x0000787458a78400 'java/lang/invoke/LambdaForm$MH+0x0000787458a78400'
Event: 129.338 Thread 0x00007874c0153aa0 Unloading class 0x0000787458a50800 'java/lang/invoke/LambdaForm$MH+0x0000787458a50800'
Event: 129.338 Thread 0x00007874c0153aa0 Unloading class 0x0000787458a50400 'java/lang/invoke/LambdaForm$MH+0x0000787458a50400'
Event: 129.338 Thread 0x00007874c0153aa0 Unloading class 0x0000787458a4c000 'java/lang/invoke/LambdaForm$MH+0x0000787458a4c000'
Event: 129.338 Thread 0x00007874c0153aa0 Unloading class 0x0000787458a3c800 'java/lang/invoke/LambdaForm$MH+0x0000787458a3c800'
Event: 129.338 Thread 0x00007874c0153aa0 Unloading class 0x0000787458a3c400 'java/lang/invoke/LambdaForm$MH+0x0000787458a3c400'
Event: 129.338 Thread 0x00007874c0153aa0 Unloading class 0x0000787458a32800 'java/lang/invoke/LambdaForm$MH+0x0000787458a32800'
Event: 129.338 Thread 0x00007874c0153aa0 Unloading class 0x0000787458a32400 'java/lang/invoke/LambdaForm$MH+0x0000787458a32400'
Event: 129.338 Thread 0x00007874c0153aa0 Unloading class 0x0000787458a31800 'java/lang/invoke/LambdaForm$MH+0x0000787458a31800'
Event: 129.338 Thread 0x00007874c0153aa0 Unloading class 0x0000787458a31400 'java/lang/invoke/LambdaForm$MH+0x0000787458a31400'
Event: 129.338 Thread 0x00007874c0153aa0 Unloading class 0x0000787458a30400 'java/lang/invoke/LambdaForm$MH+0x0000787458a30400'
Event: 129.338 Thread 0x00007874c0153aa0 Unloading class 0x0000787458a30000 'java/lang/invoke/LambdaForm$MH+0x0000787458a30000'
Event: 129.338 Thread 0x00007874c0153aa0 Unloading class 0x0000787458a28c00 'java/lang/invoke/LambdaForm$MH+0x0000787458a28c00'
Event: 129.338 Thread 0x00007874c0153aa0 Unloading class 0x0000787458a28800 'java/lang/invoke/LambdaForm$MH+0x0000787458a28800'
Event: 129.338 Thread 0x00007874c0153aa0 Unloading class 0x0000787458a28000 'java/lang/invoke/LambdaForm$MH+0x0000787458a28000'
Event: 129.338 Thread 0x00007874c0153aa0 Unloading class 0x00007874589c8000 'java/lang/invoke/LambdaForm$MH+0x00007874589c8000'
Event: 129.338 Thread 0x00007874c0153aa0 Unloading class 0x00007874588c0000 'java/lang/invoke/LambdaForm$MH+0x00007874588c0000'
Event: 129.338 Thread 0x00007874c0153aa0 Unloading class 0x00007874583c2000 'java/lang/invoke/LambdaForm$MH+0x00007874583c2000'
Event: 129.338 Thread 0x00007874c0153aa0 Unloading class 0x00007874583a3400 'java/lang/invoke/LambdaForm$MH+0x00007874583a3400'

Classes redefined (0 events):
No events

Internal exceptions (20 events):
Event: 7.383 Thread 0x00007874c001bd80 Exception <a 'java/io/FileNotFoundException'{0x000000070d98a300}> (0x000000070d98a300) 
thrown [./src/hotspot/share/prims/jni.cpp, line 520]
Event: 7.383 Thread 0x00007874c001bd80 Exception <a 'java/io/FileNotFoundException'{0x000000070d993e70}> (0x000000070d993e70) 
thrown [./src/hotspot/share/prims/jni.cpp, line 520]
Event: 7.440 Thread 0x00007874c001bd80 Exception <a 'java/lang/IncompatibleClassChangeError'{0x000000070d476d08}: Found class java.lang.Object, but interface was expected> (0x000000070d476d08) 
thrown [./src/hotspot/share/interpreter/linkResolver.cpp, line 840]
Event: 7.486 Thread 0x00007874c001bd80 Exception <a 'java/lang/IncompatibleClassChangeError'{0x000000070d220e60}: Found class java.lang.Object, but interface was expected> (0x000000070d220e60) 
thrown [./src/hotspot/share/interpreter/linkResolver.cpp, line 840]
Event: 7.740 Thread 0x00007874c001bd80 Exception <a 'java/lang/IncompatibleClassChangeError'{0x000000071a1bfca0}: Found class java.lang.Object, but interface was expected> (0x000000071a1bfca0) 
thrown [./src/hotspot/share/interpreter/linkResolver.cpp, line 840]
Event: 7.946 Thread 0x00007874c001bd80 Exception <a 'java/lang/NoSuchMethodError'{0x000000070f17d8b8}: 'java.lang.Object java.lang.invoke.DirectMethodHandle$Holder.invokeVirtual(java.lang.Object, java.lang.Object, java.lang.Object, int)'> (0x000000070f17d8b8) 
thrown [./src/hotspot/share/interpreter/linkResolver.cpp, line 772]
Event: 8.286 Thread 0x00007874c001bd80 Exception <a 'java/lang/NoSuchMethodError'{0x000000070e2e1b30}: 'java.lang.Object java.lang.invoke.DirectMethodHandle$Holder.invokeInterface(java.lang.Object, java.lang.Object, java.lang.Object, java.lang.Object)'> (0x000000070e2e1b30) 
thrown [./src/hotspot/share/interpreter/linkResolver.cpp, line 772]
Event: 8.354 Thread 0x00007874c001bd80 Exception <a 'java/lang/NoSuchMethodError'{0x000000070e1732a0}: 'java.lang.Object java.lang.invoke.DirectMethodHandle$Holder.invokeVirtual(java.lang.Object, java.lang.Object, int)'> (0x000000070e1732a0) 
thrown [./src/hotspot/share/interpreter/linkResolver.cpp, line 772]
Event: 8.451 Thread 0x00007874c001bd80 Exception <a 'java/lang/IncompatibleClassChangeError'{0x000000070dcbb240}: Found class java.lang.Object, but interface was expected> (0x000000070dcbb240) 
thrown [./src/hotspot/share/interpreter/linkResolver.cpp, line 840]
Event: 8.639 Thread 0x00007874c001bd80 Exception <a 'java/lang/IncompatibleClassChangeError'{0x000000070d71fb10}: Found class java.lang.Object, but interface was expected> (0x000000070d71fb10) 
thrown [./src/hotspot/share/interpreter/linkResolver.cpp, line 840]
Event: 8.755 Thread 0x00007874c001bd80 Exception <a 'java/lang/NoSuchMethodError'{0x000000070d3373d8}: 'java.lang.Object java.lang.invoke.DirectMethodHandle$Holder.newInvokeSpecial(java.lang.Object, java.lang.Object, int, java.lang.Object, java.lang.Object)'> (0x000000070d3373d8) 
thrown [./src/hotspot/share/interpreter/linkResolver.cpp, line 772]
Event: 121.691 Thread 0x00007874c23cf290 Exception <a 'java/lang/NoSuchMethodError'{0x00000007ffff91a8}: 'java.lang.Object java.lang.invoke.DirectMethodHandle$Holder.invokeStatic(java.lang.Object, java.lang.Object, java.lang.Object, int, int)'> (0x00000007ffff91a8) 
thrown [./src/hotspot/share/interpreter/linkResolver.cpp, line 772]
Event: 121.691 Thread 0x00007874c23cf290 Exception <a 'java/lang/NoSuchMethodError'{0x00000007ffffcc58}: 'java.lang.Object java.lang.invoke.DirectMethodHandle$Holder.invokeStaticInit(java.lang.Object, java.lang.Object, java.lang.Object, int, int)'> (0x00000007ffffcc58) 
thrown [./src/hotspot/share/interpreter/linkResolver.cpp, line 772]
Event: 121.729 Thread 0x00007874c23bad10 Exception <a 'java/lang/NoSuchMethodError'{0x000000071a154f80}: 'java.lang.Object java.lang.invoke.DirectMethodHandle$Holder.invokeSpecial(java.lang.Object, java.lang.Object, java.lang.Object, java.lang.Object, java.lang.Object, long)'> (0x000000071a154f80) 
thrown [./src/hotspot/share/interpreter/linkResolver.cpp, line 772]
Event: 121.729 Thread 0x00007874c23bad10 Exception <a 'java/lang/NoSuchMethodError'{0x000000071a158780}: 'java.lang.Object java.lang.invoke.Invokers$Holder.linkToTargetMethod(java.lang.Object, java.lang.Object, java.lang.Object, long, java.lang.Object)'> (0x000000071a158780) 
thrown [./src/hotspot/share/interpreter/linkResolver.cpp, line 772]
Event: 122.093 Thread 0x00007874c23bad10 Exception <a 'java/lang/ClassNotFoundException'{0x000000070ec35588}: sun/awt/resources/spi/awtProvider> (0x000000070ec35588) 
thrown [./src/hotspot/share/classfile/systemDictionary.cpp, line 313]
Event: 122.096 Thread 0x00007874c23bad10 Exception <a 'java/io/FileNotFoundException'{0x000000070ec3eae0}> (0x000000070ec3eae0) 
thrown [./src/hotspot/share/prims/jni.cpp, line 520]
Event: 122.130 Thread 0x00007874c23bad10 Exception <a 'java/lang/NoSuchMethodError'{0x000000070ed63ad8}: 'float java.lang.invoke.DirectMethodHandle$Holder.invokeStaticInit(java.lang.Object, float, float)'> (0x000000070ed63ad8) 
thrown [./src/hotspot/share/interpreter/linkResolver.cpp, line 772]
Event: 129.088 Thread 0x00007874c23bad10 Exception <a 'java/lang/UnsatisfiedLinkError'{0x00000007140a4218}: libtesseract.so: cannot open shared object file: No such file or directory> (0x00000007140a4218) 
thrown [./src/hotspot/share/prims/jni.cpp, line 539]
Event: 129.088 Thread 0x00007874c23bad10 Exception <a 'java/lang/UnsatisfiedLinkError'{0x00000007140a5e40}: libtesseract.so: cannot open shared object file: No such file or directory> (0x00000007140a5e40) 
thrown [./src/hotspot/share/prims/jni.cpp, line 539]

ZGC Phase Switch (0 events):
No events

VM Operations (20 events):
Event: 127.648 Executing safepoint VM operation: G1CollectForAllocation (G1 Evacuation Pause)
Event: 127.652 Executing safepoint VM operation: G1CollectForAllocation (G1 Evacuation Pause) done
Event: 127.888 Executing safepoint VM operation: G1CollectForAllocation (G1 Evacuation Pause)
Event: 127.894 Executing safepoint VM operation: G1CollectForAllocation (G1 Evacuation Pause) done
Event: 128.441 Executing safepoint VM operation: G1CollectForAllocation (G1 Evacuation Pause)
Event: 128.446 Executing safepoint VM operation: G1CollectForAllocation (G1 Evacuation Pause) done
Event: 128.902 Executing safepoint VM operation: G1CollectForAllocation (G1 Evacuation Pause)
Event: 128.906 Executing safepoint VM operation: G1CollectForAllocation (G1 Evacuation Pause) done
Event: 129.081 Executing non-safepoint VM operation: HandshakeAllThreads (Deoptimize)
Event: 129.081 Executing non-safepoint VM operation: HandshakeAllThreads (Deoptimize) done
Event: 129.083 Executing non-safepoint VM operation: HandshakeAllThreads (Deoptimize)
Event: 129.083 Executing non-safepoint VM operation: HandshakeAllThreads (Deoptimize) done
Event: 129.151 Executing safepoint VM operation: G1TryInitiateConcMark (G1 Humongous Allocation)
Event: 129.155 Executing safepoint VM operation: G1TryInitiateConcMark (G1 Humongous Allocation) done
Event: 129.273 Executing safepoint VM operation: G1TryInitiateConcMark (G1 Humongous Allocation)
Event: 129.279 Executing safepoint VM operation: G1TryInitiateConcMark (G1 Humongous Allocation) done
Event: 129.332 Executing safepoint VM operation: G1PauseRemark
Event: 129.353 Executing safepoint VM operation: G1PauseRemark done
Event: 129.385 Executing safepoint VM operation: G1PauseCleanup
Event: 129.385 Executing safepoint VM operation: G1PauseCleanup done

Memory protections (20 events):
Event: 8.767 Protecting memory [0x0000787455ff8000,0x0000787455ffc000] with protection modes 0
Event: 8.767 Protecting memory [0x0000787455ef8000,0x0000787455efc000] with protection modes 0
Event: 8.768 Protecting memory [0x0000787455df8000,0x0000787455dfc000] with protection modes 0
Event: 8.768 Protecting memory [0x0000787455cf8000,0x0000787455cfc000] with protection modes 0
Event: 8.768 Protecting memory [0x0000787455bf8000,0x0000787455bfc000] with protection modes 0
Event: 8.768 Protecting memory [0x0000787455af8000,0x0000787455afc000] with protection modes 0
Event: 8.768 Protecting memory [0x00007874559f8000,0x00007874559fc000] with protection modes 0
Event: 8.768 Protecting memory [0x00007874558f8000,0x00007874558fc000] with protection modes 0
Event: 8.768 Protecting memory [0x00007874557f8000,0x00007874557fc000] with protection modes 0
Event: 8.769 Protecting memory [0x00007874556f8000,0x00007874556fc000] with protection modes 0
Event: 8.773 Protecting memory [0x00007874555f8000,0x00007874555fc000] with protection modes 0
Event: 8.775 Protecting memory [0x00007874554f8000,0x00007874554fc000] with protection modes 0
Event: 8.811 Protecting memory [0x00007874c4f00000,0x00007874c4f04000] with protection modes 0
Event: 122.189 Protecting memory [0x00007874ac100000,0x00007874ac104000] with protection modes 0
Event: 122.447 Protecting memory [0x00007874ac000000,0x00007874ac004000] with protection modes 0
Event: 122.543 Protecting memory [0x0000787456f00000,0x0000787456f04000] with protection modes 0
Event: 122.544 Protecting memory [0x00007874560f8000,0x00007874560fc000] with protection modes 0
Event: 129.085 Protecting memory [0x00007874c4006000,0x00007874c400a000] with protection modes 0
Event: 129.113 Protecting memory [0x0000787456f00000,0x0000787456f04000] with protection modes 0
Event: 129.191 Protecting memory [0x00007874560f8000,0x00007874560fc000] with protection modes 0

Nmethod flushes (20 events):
Event: 129.351 Thread 0x00007874c0153aa0 flushing  nmethod 0x00007874b5007290
Event: 129.351 Thread 0x00007874c0153aa0 flushing  nmethod 0x00007874b500a390
Event: 129.351 Thread 0x00007874c0153aa0 flushing  nmethod 0x00007874b500a690
Event: 129.351 Thread 0x00007874c0153aa0 flushing  nmethod 0x00007874b5053b10
Event: 129.351 Thread 0x00007874c0153aa0 flushing  nmethod 0x00007874b507c010
Event: 129.351 Thread 0x00007874c0153aa0 flushing  nmethod 0x00007874b5080d90
Event: 129.351 Thread 0x00007874c0153aa0 flushing  nmethod 0x00007874b509c910
Event: 129.351 Thread 0x00007874c0153aa0 flushing  nmethod 0x00007874b509cc90
Event: 129.351 Thread 0x00007874c0153aa0 flushing  nmethod 0x00007874b509e310
Event: 129.351 Thread 0x00007874c0153aa0 flushing  nmethod 0x00007874b50c0290
Event: 129.351 Thread 0x00007874c0153aa0 flushing  nmethod 0x00007874b50c1c10
Event: 129.351 Thread 0x00007874c0153aa0 flushing  nmethod 0x00007874b50c2c10
Event: 129.351 Thread 0x00007874c0153aa0 flushing  nmethod 0x00007874b50ddc90
Event: 129.351 Thread 0x00007874c0153aa0 flushing  nmethod 0x00007874b50e0010
Event: 129.351 Thread 0x00007874c0153aa0 flushing  nmethod 0x00007874b50e1290
Event: 129.351 Thread 0x00007874c0153aa0 flushing  nmethod 0x00007874b51ba890
Event: 129.351 Thread 0x00007874c0153aa0 flushing  nmethod 0x00007874b5282f10
Event: 129.351 Thread 0x00007874c0153aa0 flushing  nmethod 0x00007874b533b910
Event: 129.351 Thread 0x00007874c0153aa0 flushing  nmethod 0x00007874b5341410
Event: 129.351 Thread 0x00007874c0153aa0 flushing  nmethod 0x00007874b53ba010

Events (20 events):
Event: 8.768 Thread 0x00007874c001bd80 Thread added: 0x00007874c23c31f0
Event: 8.768 Thread 0x00007874c001bd80 Thread added: 0x00007874c23c4780
Event: 8.769 Thread 0x00007874c001bd80 Thread added: 0x00007874c23c5df0
Event: 8.773 Thread 0x00007874c001bd80 Thread added: 0x00007874c23c8cb0
Event: 8.775 Thread 0x00007874c001bd80 Thread added: 0x00007874c23cf290
Event: 8.811 Thread 0x00007874c001bd80 Thread exited: 0x00007874c001bd80
Event: 8.811 Thread 0x00007874c001bd80 Thread added: 0x00007874c001bd80
Event: 11.259 Thread 0x00007873e4001000 Thread exited: 0x00007873e4001000
Event: 13.811 Thread 0x000078742c111df0 Thread exited: 0x000078742c111df0
Event: 13.812 Thread 0x000078742c1109b0 Thread exited: 0x000078742c1109b0
Event: 18.812 Thread 0x000078742c05d0a0 Thread exited: 0x000078742c05d0a0
Event: 122.189 Thread 0x00007874c23bad10 Thread added: 0x00007873dc1feef0
Event: 122.447 Thread 0x00007874c0163930 Thread added: 0x000078742c0d3a40
Event: 122.543 Thread 0x00007874c0163930 Thread added: 0x000078742c227500
Event: 122.544 Thread 0x00007874c0163930 Thread added: 0x000078742c228340
Event: 125.513 Thread 0x000078742c228340 Thread exited: 0x000078742c228340
Event: 129.030 Thread 0x000078742c227500 Thread exited: 0x000078742c227500
Event: 129.085 Thread 0x00007874c23bad10 Thread added: 0x00007873dc2d4730
Event: 129.113 Thread 0x00007874c23bad10 Thread added: 0x00007873dc05a080
Event: 129.191 Thread 0x00007874c0163930 Thread added: 0x000078742c0fb2e0


Dynamic libraries:
70ac00000-716000000 rw-p 00000000 00:00 0 
716000000-716400000 ---p 00000000 00:00 0 
716400000-716800000 rw-p 00000000 00:00 0 
716800000-71a000000 ---p 00000000 00:00 0 
71a000000-71a200000 rw-p 00000000 00:00 0 
71a200000-7ffc00000 ---p 00000000 00:00 0 
7ffc00000-7ffe00000 rw-p 00000000 00:00 0 
7ffe00000-7fff0d000 rw-p 00cdb000 103:02 12722188                        /usr/lib/jvm/java-21-openjdk-amd64/lib/server/classes.jsa
7fff0d000-800000000 rw-p 00000000 00:00 0 
632baa484000-632baa485000 r--p 00000000 103:02 12722114                  /usr/lib/jvm/java-21-openjdk-amd64/bin/java
632baa485000-632baa486000 r-xp 00001000 103:02 12722114                  /usr/lib/jvm/java-21-openjdk-amd64/bin/java
632baa486000-632baa487000 r--p 00002000 103:02 12722114                  /usr/lib/jvm/java-21-openjdk-amd64/bin/java
632baa487000-632baa488000 r--p 00002000 103:02 12722114                  /usr/lib/jvm/java-21-openjdk-amd64/bin/java
632baa488000-632baa489000 rw-p 00003000 103:02 12722114                  /usr/lib/jvm/java-21-openjdk-amd64/bin/java
632bda5dc000-632bda625000 rw-p 00000000 00:00 0                          [heap]
7873a249e000-7873a45d9000 rw-p 00000000 00:00 0 
7873a6714000-7873a8021000 rw-p 00000000 00:00 0 
7873a8021000-7873ac000000 ---p 00000000 00:00 0 
7873ad45c000-7873ad494000 r--p 00000000 103:02 12201590                  /usr/lib/x86_64-linux-gnu/libp11-kit.so.0.3.1
7873ad494000-7873ad566000 r-xp 00038000 103:02 12201590                  /usr/lib/x86_64-linux-gnu/libp11-kit.so.0.3.1
7873ad566000-7873ad5e5000 r--p 0010a000 103:02 12201590                  /usr/lib/x86_64-linux-gnu/libp11-kit.so.0.3.1
7873ad5e5000-7873ad5f2000 r--p 00188000 103:02 12201590                  /usr/lib/x86_64-linux-gnu/libp11-kit.so.0.3.1
7873ad5f2000-7873ad5ff000 rw-p 00195000 103:02 12201590                  /usr/lib/x86_64-linux-gnu/libp11-kit.so.0.3.1
7873ad5ff000-7873ad600000 rw-p 00000000 00:00 0 
7873ad600000-7873ad601000 r--p 00000000 103:02 12201436                  /usr/lib/x86_64-linux-gnu/libicudata.so.74.2
7873ad601000-7873ad602000 r-xp 00001000 103:02 12201436                  /usr/lib/x86_64-linux-gnu/libicudata.so.74.2
7873ad602000-7873af35e000 r--p 00002000 103:02 12201436                  /usr/lib/x86_64-linux-gnu/libicudata.so.74.2
7873af35e000-7873af35f000 r--p 01d5d000 103:02 12201436                  /usr/lib/x86_64-linux-gnu/libicudata.so.74.2
7873af35f000-7873af360000 rw-p 01d5e000 103:02 12201436                  /usr/lib/x86_64-linux-gnu/libicudata.so.74.2
7873af405000-7873af438000 r--p 00000000 103:02 12194962                  /usr/lib/x86_64-linux-gnu/libgnutls.so.30.37.1
7873af438000-7873af572000 r-xp 00033000 103:02 12194962                  /usr/lib/x86_64-linux-gnu/libgnutls.so.30.37.1
7873af572000-7873af5eb000 r--p 0016d000 103:02 12194962                  /usr/lib/x86_64-linux-gnu/libgnutls.so.30.37.1
7873af5eb000-7873af5fb000 r--p 001e6000 103:02 12194962                  /usr/lib/x86_64-linux-gnu/libgnutls.so.30.37.1
7873af5fb000-7873af5fd000 rw-p 001f6000 103:02 12194962                  /usr/lib/x86_64-linux-gnu/libgnutls.so.30.37.1
7873af5fd000-7873af600000 rw-p 00000000 00:00 0 
7873af600000-7873af668000 r--p 00000000 103:02 12201441                  /usr/lib/x86_64-linux-gnu/libicuuc.so.74.2
7873af668000-7873af76d000 r-xp 00068000 103:02 12201441                  /usr/lib/x86_64-linux-gnu/libicuuc.so.74.2
7873af76d000-7873af7f7000 r--p 0016d000 103:02 12201441                  /usr/lib/x86_64-linux-gnu/libicuuc.so.74.2
7873af7f7000-7873af80a000 r--p 001f7000 103:02 12201441                  /usr/lib/x86_64-linux-gnu/libicuuc.so.74.2
7873af80a000-7873af80b000 rw-p 0020a000 103:02 12201441                  /usr/lib/x86_64-linux-gnu/libicuuc.so.74.2
7873af80b000-7873af80d000 rw-p 00000000 00:00 0 
7873af815000-7873af921000 rw-p 00000000 00:00 0 
7873af921000-7873af923000 r--p 00000000 103:02 12201295                  /usr/lib/x86_64-linux-gnu/libffi.so.8.1.4
7873af923000-7873af92a000 r-xp 00002000 103:02 12201295                  /usr/lib/x86_64-linux-gnu/libffi.so.8.1.4
7873af92a000-7873af92b000 r--p 00009000 103:02 12201295                  /usr/lib/x86_64-linux-gnu/libffi.so.8.1.4
7873af92b000-7873af92c000 r--p 0000a000 103:02 12201295                  /usr/lib/x86_64-linux-gnu/libffi.so.8.1.4
7873af92c000-7873af92d000 rw-p 0000b000 103:02 12201295                  /usr/lib/x86_64-linux-gnu/libffi.so.8.1.4
7873af92d000-7873af930000 r--p 00000000 103:02 12220749                  /usr/lib/x86_64-linux-gnu/libresolv.so.2
7873af930000-7873af93a000 r-xp 00003000 103:02 12220749                  /usr/lib/x86_64-linux-gnu/libresolv.so.2
7873af93a000-7873af93c000 r--p 0000d000 103:02 12220749                  /usr/lib/x86_64-linux-gnu/libresolv.so.2
7873af93c000-7873af93d000 r--p 0000f000 103:02 12220749                  /usr/lib/x86_64-linux-gnu/libresolv.so.2
7873af93d000-7873af93e000 rw-p 00010000 103:02 12220749                  /usr/lib/x86_64-linux-gnu/libresolv.so.2
7873af93e000-7873af940000 rw-p 00000000 00:00 0 
7873af940000-7873af943000 r--p 00000000 103:02 12192356                  /usr/lib/x86_64-linux-gnu/libtasn1.so.6.6.3
7873af943000-7873af951000 r-xp 00003000 103:02 12192356                  /usr/lib/x86_64-linux-gnu/libtasn1.so.6.6.3
7873af951000-7873af954000 r--p 00011000 103:02 12192356                  /usr/lib/x86_64-linux-gnu/libtasn1.so.6.6.3
7873af954000-7873af955000 r--p 00014000 103:02 12192356                  /usr/lib/x86_64-linux-gnu/libtasn1.so.6.6.3
7873af955000-7873af956000 rw-p 00015000 103:02 12192356                  /usr/lib/x86_64-linux-gnu/libtasn1.so.6.6.3
7873af956000-7873af957000 r--p 00000000 103:02 12201245                  /usr/lib/x86_64-linux-gnu/libdeflate.so.0
7873af957000-7873af963000 r-xp 00001000 103:02 12201245                  /usr/lib/x86_64-linux-gnu/libdeflate.so.0
7873af963000-7873af967000 r--p 0000d000 103:02 12201245                  /usr/lib/x86_64-linux-gnu/libdeflate.so.0
7873af967000-7873af968000 r--p 00011000 103:02 12201245                  /usr/lib/x86_64-linux-gnu/libdeflate.so.0
7873af968000-7873af969000 rw-p 00012000 103:02 12201245                  /usr/lib/x86_64-linux-gnu/libdeflate.so.0
7873af969000-7873af96b000 r--p 00000000 103:02 12201465                  /usr/lib/x86_64-linux-gnu/libjbig.so.0
7873af96b000-7873af974000 r-xp 00002000 103:02 12201465                  /usr/lib/x86_64-linux-gnu/libjbig.so.0
7873af974000-7873af975000 r--p 0000b000 103:02 12201465                  /usr/lib/x86_64-linux-gnu/libjbig.so.0
7873af975000-7873af976000 r--p 0000c000 103:02 12201465                  /usr/lib/x86_64-linux-gnu/libjbig.so.0
7873af976000-7873af979000 rw-p 0000d000 103:02 12201465                  /usr/lib/x86_64-linux-gnu/libjbig.so.0
7873af979000-7873af97e000 r--p 00000000 103:02 12201031                  /usr/lib/x86_64-linux-gnu/libLerc.so.4
7873af97e000-7873af9f6000 r-xp 00005000 103:02 12201031                  /usr/lib/x86_64-linux-gnu/libLerc.so.4
7873af9f6000-7873af9fe000 r--p 0007d000 103:02 12201031                  /usr/lib/x86_64-linux-gnu/libLerc.so.4
7873af9fe000-7873af9ff000 r--p 00084000 103:02 12201031                  /usr/lib/x86_64-linux-gnu/libLerc.so.4
7873af9ff000-7873afa00000 rw-p 00085000 103:02 12201031                  /usr/lib/x86_64-linux-gnu/libLerc.so.4
7873afa00000-7873afab3000 r--p 00000000 103:02 12191092                  /usr/lib/x86_64-linux-gnu/libcrypto.so.3
7873afab3000-7873afde7000 r-xp 000b3000 103:02 12191092                  /usr/lib/x86_64-linux-gnu/libcrypto.so.3
7873afde7000-7873afeb2000 r--p 003e7000 103:02 12191092                  /usr/lib/x86_64-linux-gnu/libcrypto.so.3
7873afeb2000-7873aff0e000 r--p 004b1000 103:02 12191092                  /usr/lib/x86_64-linux-gnu/libcrypto.so.3
7873aff0e000-7873aff11000 rw-p 0050d000 103:02 12191092                  /usr/lib/x86_64-linux-gnu/libcrypto.so.3
7873aff11000-7873aff14000 rw-p 00000000 00:00 0 
7873aff14000-7873aff15000 r--p 00000000 103:02 12201184                  /usr/lib/x86_64-linux-gnu/libbrotlicommon.so.1.1.0
7873aff15000-7873aff16000 r-xp 00001000 103:02 12201184                  /usr/lib/x86_64-linux-gnu/libbrotlicommon.so.1.1.0
7873aff16000-7873aff35000 r--p 00002000 103:02 12201184                  /usr/lib/x86_64-linux-gnu/libbrotlicommon.so.1.1.0
7873aff35000-7873aff36000 r--p 00021000 103:02 12201184                  /usr/lib/x86_64-linux-gnu/libbrotlicommon.so.1.1.0
7873aff36000-7873aff37000 rw-p 00022000 103:02 12201184                  /usr/lib/x86_64-linux-gnu/libbrotlicommon.so.1.1.0
7873aff37000-7873aff57000 r--p 00000000 103:02 12201476                  /usr/lib/x86_64-linux-gnu/libkrb5.so.3.3
7873aff57000-7873affb8000 r-xp 00020000 103:02 12201476                  /usr/lib/x86_64-linux-gnu/libkrb5.so.3.3
7873affb8000-7873afff1000 r--p 00081000 103:02 12201476                  /usr/lib/x86_64-linux-gnu/libkrb5.so.3.3
7873afff1000-7873afffe000 r--p 000ba000 103:02 12201476                  /usr/lib/x86_64-linux-gnu/libkrb5.so.3.3
7873afffe000-7873b0000000 rw-p 000c7000 103:02 12201476                  /usr/lib/x86_64-linux-gnu/libkrb5.so.3.3
7873b0000000-7873b0300000 rw-p 00000000 00:00 0 
7873b0300000-7873b0500000 rw-p 00000000 00:00 0 
7873b0500000-7873b05e0000 rw-p 00000000 00:00 0 
7873b05e0000-7873b0690000 rw-p 00000000 00:00 0 
7873b0690000-7873b0700000 ---p 00000000 00:00 0 
7873b0700000-7873b0840000 rw-p 00000000 00:00 0 
7873b0840000-7873b4000000 ---p 00000000 00:00 0 
7873b4000000-7873b4021000 rw-p 00000000 00:00 0 
7873b4021000-7873b8000000 ---p 00000000 00:00 0 
7873b8000000-7873b8021000 rw-p 00000000 00:00 0 
7873b8021000-7873bc000000 ---p 00000000 00:00 0 
7873bc000000-7873bc021000 rw-p 00000000 00:00 0 
7873bc021000-7873c0000000 ---p 00000000 00:00 0 
7873c0000000-7873c0021000 rw-p 00000000 00:00 0 
7873c0021000-7873c4000000 ---p 00000000 00:00 0 
7873c4000000-7873c4021000 rw-p 00000000 00:00 0 
7873c4021000-7873c8000000 ---p 00000000 00:00 0 
7873c8000000-7873c8021000 rw-p 00000000 00:00 0 
7873c8021000-7873cc000000 ---p 00000000 00:00 0 
7873cc000000-7873cc021000 rw-p 00000000 00:00 0 
7873cc021000-7873d0000000 ---p 00000000 00:00 0 
7873d0000000-7873d0021000 rw-p 00000000 00:00 0 
7873d0021000-7873d4000000 ---p 00000000 00:00 0 
7873d4000000-7873d4021000 rw-p 00000000 00:00 0 
7873d4021000-7873d8000000 ---p 00000000 00:00 0 
7873d8000000-7873d8021000 rw-p 00000000 00:00 0 
7873d8021000-7873dc000000 ---p 00000000 00:00 0 
7873dc000000-7873ddaea000 rw-p 00000000 00:00 0 
7873ddaea000-7873e0000000 ---p 00000000 00:00 0 
7873e0000000-7873e0021000 rw-p 00000000 00:00 0 
7873e0021000-7873e4000000 ---p 00000000 00:00 0 
7873e4000000-7873e4021000 rw-p 00000000 00:00 0 
7873e4021000-7873e8000000 ---p 00000000 00:00 0 
7873e8000000-7873e8021000 rw-p 00000000 00:00 0 
7873e8021000-7873ec000000 ---p 00000000 00:00 0 
7873ec000000-7873ec021000 rw-p 00000000 00:00 0 
7873ec021000-7873f0000000 ---p 00000000 00:00 0 
7873f0000000-7873f0021000 rw-p 00000000 00:00 0 
7873f0021000-7873f4000000 ---p 00000000 00:00 0 
7873f4000000-7873f4079000 rw-p 00000000 00:00 0 
7873f4079000-7873f8000000 ---p 00000000 00:00 0 
7873f8000000-7873f8021000 rw-p 00000000 00:00 0 
7873f8021000-7873fc000000 ---p 00000000 00:00 0 
7873fc000000-7873fc021000 rw-p 00000000 00:00 0 
7873fc021000-787400000000 ---p 00000000 00:00 0 
787400000000-787400021000 rw-p 00000000 00:00 0 
787400021000-787404000000 ---p 00000000 00:00 0 
787404000000-7874043c3000 rw-p 00000000 00:00 0 
7874043c3000-787408000000 ---p 00000000 00:00 0 
787408000000-787408021000 rw-p 00000000 00:00 0 
787408021000-78740c000000 ---p 00000000 00:00 0 
78740c000000-78740c021000 rw-p 00000000 00:00 0 
78740c021000-787410000000 ---p 00000000 00:00 0 
787410000000-787410021000 rw-p 00000000 00:00 0 
787410021000-787414000000 ---p 00000000 00:00 0 
787414000000-787414021000 rw-p 00000000 00:00 0 
787414021000-787418000000 ---p 00000000 00:00 0 
787418000000-787418021000 rw-p 00000000 00:00 0 
787418021000-78741c000000 ---p 00000000 00:00 0 
78741c000000-78741c17e000 rw-p 00000000 00:00 0 
78741c17e000-787420000000 ---p 00000000 00:00 0 
787420000000-787420335000 rw-p 00000000 00:00 0 
787420335000-787424000000 ---p 00000000 00:00 0 
787424000000-787424021000 rw-p 00000000 00:00 0 
787424021000-787428000000 ---p 00000000 00:00 0 
787428000000-78742815c000 rw-p 00000000 00:00 0 
78742815c000-78742c000000 ---p 00000000 00:00 0 
78742c000000-78742c456000 rw-p 00000000 00:00 0 
78742c456000-787430000000 ---p 00000000 00:00 0 
787430000000-787430021000 rw-p 00000000 00:00 0 
787430021000-787434000000 ---p 00000000 00:00 0 
787434000000-787434021000 rw-p 00000000 00:00 0 
787434021000-787438000000 ---p 00000000 00:00 0 
787438000000-787438021000 rw-p 00000000 00:00 0 
787438021000-78743c000000 ---p 00000000 00:00 0 
78743c000000-78743c021000 rw-p 00000000 00:00 0 
78743c021000-787440000000 ---p 00000000 00:00 0 
787440000000-787440021000 rw-p 00000000 00:00 0 
787440021000-787444000000 ---p 00000000 00:00 0 
787444000000-787444021000 rw-p 00000000 00:00 0 
787444021000-787448000000 ---p 00000000 00:00 0 
787448000000-787448021000 rw-p 00000000 00:00 0 
787448021000-78744c000000 ---p 00000000 00:00 0 
78744c000000-78744c400000 rw-p 00000000 00:00 0 
78744c400000-78744d7c0000 rw-p 00000000 00:00 0 
78744d7c0000-78744d800000 rw-p 00000000 00:00 0 
78744d800000-78744d900000 rw-p 00000000 00:00 0 
78744d900000-78744da00000 rw-p 00000000 00:00 0 
78744da00000-78744e380000 rw-p 00000000 00:00 0 
78744e380000-78744e500000 rw-p 00000000 00:00 0 
78744e500000-78744e540000 rw-p 00000000 00:00 0 
78744e540000-78744e580000 rw-p 00000000 00:00 0 
78744e580000-78744e700000 rw-p 00000000 00:00 0 
78744e700000-787450000000 rw-p 00000000 00:00 0 
787450000000-787450021000 rw-p 00000000 00:00 0 
787450021000-787454000000 ---p 00000000 00:00 0 
787454003000-787454005000 r--p 00000000 103:02 12201473                  /usr/lib/x86_64-linux-gnu/libkeyutils.so.1.10
787454005000-787454007000 r-xp 00002000 103:02 12201473                  /usr/lib/x86_64-linux-gnu/libkeyutils.so.1.10
787454007000-787454008000 r--p 00004000 103:02 12201473                  /usr/lib/x86_64-linux-gnu/libkeyutils.so.1.10
787454008000-787454009000 r--p 00004000 103:02 12201473                  /usr/lib/x86_64-linux-gnu/libkeyutils.so.1.10
787454009000-78745400a000 rw-p 00005000 103:02 12201473                  /usr/lib/x86_64-linux-gnu/libkeyutils.so.1.10
78745400a000-78745400d000 r--p 00000000 103:02 12201678                  /usr/lib/x86_64-linux-gnu/libsasl2.so.2.0.25
78745400d000-78745401d000 r-xp 00003000 103:02 12201678                  /usr/lib/x86_64-linux-gnu/libsasl2.so.2.0.25
78745401d000-787454022000 r--p 00013000 103:02 12201678                  /usr/lib/x86_64-linux-gnu/libsasl2.so.2.0.25
787454022000-787454023000 r--p 00017000 103:02 12201678                  /usr/lib/x86_64-linux-gnu/libsasl2.so.2.0.25
787454023000-787454024000 rw-p 00018000 103:02 12201678                  /usr/lib/x86_64-linux-gnu/libsasl2.so.2.0.25
787454024000-787454027000 r--p 00000000 103:02 12201477                  /usr/lib/x86_64-linux-gnu/libkrb5support.so.0.1
787454027000-78745402d000 r-xp 00003000 103:02 12201477                  /usr/lib/x86_64-linux-gnu/libkrb5support.so.0.1
78745402d000-78745402f000 r--p 00009000 103:02 12201477                  /usr/lib/x86_64-linux-gnu/libkrb5support.so.0.1
78745402f000-787454030000 r--p 0000a000 103:02 12201477                  /usr/lib/x86_64-linux-gnu/libkrb5support.so.0.1
787454030000-787454031000 rw-p 0000b000 103:02 12201477                  /usr/lib/x86_64-linux-gnu/libkrb5support.so.0.1
787454031000-787454035000 r--p 00000000 103:02 12201472                  /usr/lib/x86_64-linux-gnu/libk5crypto.so.3.1
787454035000-787454050000 r-xp 00004000 103:02 12201472                  /usr/lib/x86_64-linux-gnu/libk5crypto.so.3.1
787454050000-78745405b000 r--p 0001f000 103:02 12201472                  /usr/lib/x86_64-linux-gnu/libk5crypto.so.3.1
78745405b000-78745405c000 r--p 0002a000 103:02 12201472                  /usr/lib/x86_64-linux-gnu/libk5crypto.so.3.1
78745405c000-78745405d000 rw-p 0002b000 103:02 12201472                  /usr/lib/x86_64-linux-gnu/libk5crypto.so.3.1
78745405d000-787454067000 r--p 00000000 103:02 12201352                  /usr/lib/x86_64-linux-gnu/libgmp.so.10.5.0
787454067000-7874540ca000 r-xp 0000a000 103:02 12201352                  /usr/lib/x86_64-linux-gnu/libgmp.so.10.5.0
7874540ca000-7874540df000 r--p 0006d000 103:02 12201352                  /usr/lib/x86_64-linux-gnu/libgmp.so.10.5.0
7874540df000-7874540e0000 r--p 00081000 103:02 12201352                  /usr/lib/x86_64-linux-gnu/libgmp.so.10.5.0
7874540e0000-7874540e1000 rw-p 00082000 103:02 12201352                  /usr/lib/x86_64-linux-gnu/libgmp.so.10.5.0
7874540e1000-7874540e9000 r--p 00000000 103:02 12201421                  /usr/lib/x86_64-linux-gnu/libhogweed.so.6.8
7874540e9000-7874540fd000 r-xp 00008000 103:02 12201421                  /usr/lib/x86_64-linux-gnu/libhogweed.so.6.8
7874540fd000-787454126000 r--p 0001c000 103:02 12201421                  /usr/lib/x86_64-linux-gnu/libhogweed.so.6.8
787454126000-787454128000 r--p 00044000 103:02 12201421                  /usr/lib/x86_64-linux-gnu/libhogweed.so.6.8
787454128000-787454129000 rw-p 00046000 103:02 12201421                  /usr/lib/x86_64-linux-gnu/libhogweed.so.6.8
787454129000-78745413a000 r--p 00000000 103:02 12201760                  /usr/lib/x86_64-linux-gnu/libunistring.so.5.0.0
78745413a000-787454171000 r-xp 00011000 103:02 12201760                  /usr/lib/x86_64-linux-gnu/libunistring.so.5.0.0
787454171000-7874542d1000 r--p 00048000 103:02 12201760                  /usr/lib/x86_64-linux-gnu/libunistring.so.5.0.0
7874542d1000-7874542d5000 r--p 001a8000 103:02 12201760                  /usr/lib/x86_64-linux-gnu/libunistring.so.5.0.0
7874542d5000-7874542d6000 rw-p 001ac000 103:02 12201760                  /usr/lib/x86_64-linux-gnu/libunistring.so.5.0.0
7874542d6000-7874542da000 r--p 00000000 103:02 12193114                  /usr/lib/x86_64-linux-gnu/libopenjp2.so.2.5.0
7874542da000-787454325000 r-xp 00004000 103:02 12193114                  /usr/lib/x86_64-linux-gnu/libopenjp2.so.2.5.0
787454325000-787454335000 r--p 0004f000 103:02 12193114                  /usr/lib/x86_64-linux-gnu/libopenjp2.so.2.5.0
787454335000-787454336000 r--p 0005e000 103:02 12193114                  /usr/lib/x86_64-linux-gnu/libopenjp2.so.2.5.0
787454336000-787454337000 rw-p 0005f000 103:02 12193114                  /usr/lib/x86_64-linux-gnu/libopenjp2.so.2.5.0
787454337000-78745433a000 r--p 00000000 103:02 12201800                  /usr/lib/x86_64-linux-gnu/libwebp.so.7.1.8
78745433a000-78745439a000 r-xp 00003000 103:02 12201800                  /usr/lib/x86_64-linux-gnu/libwebp.so.7.1.8
78745439a000-7874543af000 r--p 00063000 103:02 12201800                  /usr/lib/x86_64-linux-gnu/libwebp.so.7.1.8
7874543af000-7874543b0000 r--p 00077000 103:02 12201800                  /usr/lib/x86_64-linux-gnu/libwebp.so.7.1.8
7874543b0000-7874543b1000 rw-p 00078000 103:02 12201800                  /usr/lib/x86_64-linux-gnu/libwebp.so.7.1.8
7874543b1000-7874543b2000 rw-p 00000000 00:00 0 
7874543b2000-7874543ba000 r--p 00000000 103:02 12194281                  /usr/lib/x86_64-linux-gnu/libtiff.so.6.0.1
7874543ba000-78745440a000 r-xp 00008000 103:02 12194281                  /usr/lib/x86_64-linux-gnu/libtiff.so.6.0.1
78745440a000-787454439000 r--p 00058000 103:02 12194281                  /usr/lib/x86_64-linux-gnu/libtiff.so.6.0.1
787454439000-78745443e000 r--p 00087000 103:02 12194281                  /usr/lib/x86_64-linux-gnu/libtiff.so.6.0.1
78745443e000-78745443f000 rw-p 0008c000 103:02 12194281                  /usr/lib/x86_64-linux-gnu/libtiff.so.6.0.1
78745443f000-787454443000 r--p 00000000 103:02 12201468                  /usr/lib/x86_64-linux-gnu/libjpeg.so.8.2.2
787454443000-787454490000 r-xp 00004000 103:02 12201468                  /usr/lib/x86_64-linux-gnu/libjpeg.so.8.2.2
787454490000-7874544c0000 r--p 00051000 103:02 12201468                  /usr/lib/x86_64-linux-gnu/libjpeg.so.8.2.2
7874544c0000-7874544c1000 r--p 00081000 103:02 12201468                  /usr/lib/x86_64-linux-gnu/libjpeg.so.8.2.2
7874544c1000-7874544c2000 rw-p 00082000 103:02 12201468                  /usr/lib/x86_64-linux-gnu/libjpeg.so.8.2.2
7874544c2000-7874544d0000 r--p 00000000 103:02 12201484                  /usr/lib/x86_64-linux-gnu/libldap.so.2.0.200
7874544d0000-78745450c000 r-xp 0000e000 103:02 12201484                  /usr/lib/x86_64-linux-gnu/libldap.so.2.0.200
78745450c000-78745451b000 r--p 0004a000 103:02 12201484                  /usr/lib/x86_64-linux-gnu/libldap.so.2.0.200
78745451b000-78745451d000 r--p 00058000 103:02 12201484                  /usr/lib/x86_64-linux-gnu/libldap.so.2.0.200
78745451d000-78745451e000 rw-p 0005a000 103:02 12201484                  /usr/lib/x86_64-linux-gnu/libldap.so.2.0.200
78745451e000-787454520000 rw-p 00000000 00:00 0 
787454520000-78745452c000 r--p 00000000 103:02 12201379                  /usr/lib/x86_64-linux-gnu/libgssapi_krb5.so.2.2
78745452c000-787454566000 r-xp 0000c000 103:02 12201379                  /usr/lib/x86_64-linux-gnu/libgssapi_krb5.so.2.2
787454566000-787454570000 r--p 00046000 103:02 12201379                  /usr/lib/x86_64-linux-gnu/libgssapi_krb5.so.2.2
787454570000-787454572000 r--p 0004f000 103:02 12201379                  /usr/lib/x86_64-linux-gnu/libgssapi_krb5.so.2.2
787454572000-787454574000 rw-p 00051000 103:02 12201379                  /usr/lib/x86_64-linux-gnu/libgssapi_krb5.so.2.2
787454574000-787454592000 r--p 00000000 103:02 12191358                  /usr/lib/x86_64-linux-gnu/libssl.so.3
787454592000-7874545f4000 r-xp 0001e000 103:02 12191358                  /usr/lib/x86_64-linux-gnu/libssl.so.3
7874545f4000-787454610000 r--p 00080000 103:02 12191358                  /usr/lib/x86_64-linux-gnu/libssl.so.3
787454610000-78745461a000 r--p 0009c000 103:02 12191358                  /usr/lib/x86_64-linux-gnu/libssl.so.3
78745461a000-78745461e000 rw-p 000a6000 103:02 12191358                  /usr/lib/x86_64-linux-gnu/libssl.so.3
78745461e000-78745464d000 r--p 00000000 103:02 12190566                  /usr/lib/x86_64-linux-gnu/libxml2.so.2.9.14
78745464d000-7874547b3000 r-xp 0002f000 103:02 12190566                  /usr/lib/x86_64-linux-gnu/libxml2.so.2.9.14
7874547b3000-7874547f5000 r--p 00195000 103:02 12190566                  /usr/lib/x86_64-linux-gnu/libxml2.so.2.9.14
7874547f5000-7874547fe000 r--p 001d6000 103:02 12190566                  /usr/lib/x86_64-linux-gnu/libxml2.so.2.9.14
7874547fe000-7874547ff000 rw-p 001df000 103:02 12190566                  /usr/lib/x86_64-linux-gnu/libxml2.so.2.9.14
7874547ff000-787454800000 rw-p 00000000 00:00 0 
787454800000-787454828000 r--p 00000000 103:02 12200858                  /usr/lib/x86_64-linux-gnu/liblept.so.5.0.4
787454828000-787454a0b000 r-xp 00028000 103:02 12200858                  /usr/lib/x86_64-linux-gnu/liblept.so.5.0.4
787454a0b000-787454a8f000 r--p 0020b000 103:02 12200858                  /usr/lib/x86_64-linux-gnu/liblept.so.5.0.4
787454a8f000-787454a90000 r--p 0028f000 103:02 12200858                  /usr/lib/x86_64-linux-gnu/liblept.so.5.0.4
787454a90000-787454a96000 rw-p 00290000 103:02 12200858                  /usr/lib/x86_64-linux-gnu/liblept.so.5.0.4
787454a9c000-787454aa1000 r--p 00000000 103:02 12192017                  /usr/lib/x86_64-linux-gnu/libpng16.so.16.43.0
787454aa1000-787454ac9000 r-xp 00005000 103:02 12192017                  /usr/lib/x86_64-linux-gnu/libpng16.so.16.43.0
787454ac9000-787454ad2000 r--p 0002d000 103:02 12192017                  /usr/lib/x86_64-linux-gnu/libpng16.so.16.43.0
787454ad2000-787454ad3000 r--p 00035000 103:02 12192017                  /usr/lib/x86_64-linux-gnu/libpng16.so.16.43.0
787454ad3000-787454ad4000 rw-p 00036000 103:02 12192017                  /usr/lib/x86_64-linux-gnu/libpng16.so.16.43.0
787454ad4000-787454ae2000 r--p 00000000 103:02 12199551                  /usr/lib/x86_64-linux-gnu/libssh.so.4.9.6
787454ae2000-787454b2a000 r-xp 0000e000 103:02 12199551                  /usr/lib/x86_64-linux-gnu/libssh.so.4.9.6
787454b2a000-787454b42000 r--p 00056000 103:02 12199551                  /usr/lib/x86_64-linux-gnu/libssh.so.4.9.6
787454b42000-787454b44000 r--p 0006d000 103:02 12199551                  /usr/lib/x86_64-linux-gnu/libssh.so.4.9.6
787454b44000-787454b46000 rw-p 0006f000 103:02 12199551                  /usr/lib/x86_64-linux-gnu/libssh.so.4.9.6
787454b46000-787454b4a000 r--p 00000000 103:02 12201851                  /usr/lib/x86_64-linux-gnu/libzstd.so.1.5.5
787454b4a000-787454bf1000 r-xp 00004000 103:02 12201851                  /usr/lib/x86_64-linux-gnu/libzstd.so.1.5.5
787454bf1000-787454bfe000 r--p 000ab000 103:02 12201851                  /usr/lib/x86_64-linux-gnu/libzstd.so.1.5.5
787454bfe000-787454bff000 r--p 000b7000 103:02 12201851                  /usr/lib/x86_64-linux-gnu/libzstd.so.1.5.5
787454bff000-787454c00000 rw-p 000b8000 103:02 12201851                  /usr/lib/x86_64-linux-gnu/libzstd.so.1.5.5
787454c00000-787454c63000 r--p 00000000 103:02 12208898                  /usr/lib/x86_64-linux-gnu/libtesseract.so.5.0.3
787454c63000-787454e6c000 r-xp 00063000 103:02 12208898                  /usr/lib/x86_64-linux-gnu/libtesseract.so.5.0.3
787454e6c000-787454f00000 r--p 0026c000 103:02 12208898                  /usr/lib/x86_64-linux-gnu/libtesseract.so.5.0.3
787454f00000-787454f04000 r--p 00300000 103:02 12208898                  /usr/lib/x86_64-linux-gnu/libtesseract.so.5.0.3
787454f04000-787454f05000 rw-p 00304000 103:02 12208898                  /usr/lib/x86_64-linux-gnu/libtesseract.so.5.0.3
787454f05000-787454f08000 rw-p 00000000 00:00 0 
787454f0b000-787454f0c000 r--p 00000000 103:02 12201686                  /usr/lib/x86_64-linux-gnu/libsharpyuv.so.0.0.1
787454f0c000-787454f0f000 r-xp 00001000 103:02 12201686                  /usr/lib/x86_64-linux-gnu/libsharpyuv.so.0.0.1
787454f0f000-787454f10000 r--p 00004000 103:02 12201686                  /usr/lib/x86_64-linux-gnu/libsharpyuv.so.0.0.1
787454f10000-787454f11000 r--p 00004000 103:02 12201686                  /usr/lib/x86_64-linux-gnu/libsharpyuv.so.0.0.1
787454f11000-787454f12000 rw-p 00005000 103:02 12201686                  /usr/lib/x86_64-linux-gnu/libsharpyuv.so.0.0.1
787454f12000-787454f13000 rw-p 00000000 00:00 0 
787454f13000-787454f15000 r--p 00000000 103:02 12201802                  /usr/lib/x86_64-linux-gnu/libwebpmux.so.3.0.13
787454f15000-787454f1d000 r-xp 00002000 103:02 12201802                  /usr/lib/x86_64-linux-gnu/libwebpmux.so.3.0.13
787454f1d000-787454f1f000 r--p 0000a000 103:02 12201802                  /usr/lib/x86_64-linux-gnu/libwebpmux.so.3.0.13
787454f1f000-787454f20000 r--p 0000b000 103:02 12201802                  /usr/lib/x86_64-linux-gnu/libwebpmux.so.3.0.13
787454f20000-787454f21000 rw-p 0000c000 103:02 12201802                  /usr/lib/x86_64-linux-gnu/libwebpmux.so.3.0.13
787454f21000-787454f23000 r--p 00000000 103:02 12201343                  /usr/lib/x86_64-linux-gnu/libgif.so.7.2.0
787454f23000-787454f28000 r-xp 00002000 103:02 12201343                  /usr/lib/x86_64-linux-gnu/libgif.so.7.2.0
787454f28000-787454f2a000 r--p 00007000 103:02 12201343                  /usr/lib/x86_64-linux-gnu/libgif.so.7.2.0
787454f2a000-787454f2b000 r--p 00008000 103:02 12201343                  /usr/lib/x86_64-linux-gnu/libgif.so.7.2.0
787454f2b000-787454f2c000 rw-p 00009000 103:02 12201343                  /usr/lib/x86_64-linux-gnu/libgif.so.7.2.0
787454f2c000-787454f2d000 r--p 00000000 103:02 12201185                  /usr/lib/x86_64-linux-gnu/libbrotlidec.so.1.1.0
787454f2d000-787454f35000 r-xp 00001000 103:02 12201185                  /usr/lib/x86_64-linux-gnu/libbrotlidec.so.1.1.0
787454f35000-787454f38000 r--p 00009000 103:02 12201185                  /usr/lib/x86_64-linux-gnu/libbrotlidec.so.1.1.0
787454f38000-787454f39000 r--p 0000b000 103:02 12201185                  /usr/lib/x86_64-linux-gnu/libbrotlidec.so.1.1.0
787454f39000-787454f3a000 rw-p 0000c000 103:02 12201185                  /usr/lib/x86_64-linux-gnu/libbrotlidec.so.1.1.0
787454f3a000-787454f3d000 r--p 00000000 103:02 12201479                  /usr/lib/x86_64-linux-gnu/liblber.so.2.0.200
787454f3d000-787454f45000 r-xp 00003000 103:02 12201479                  /usr/lib/x86_64-linux-gnu/liblber.so.2.0.200
787454f45000-787454f48000 r--p 0000b000 103:02 12201479                  /usr/lib/x86_64-linux-gnu/liblber.so.2.0.200
787454f48000-787454f49000 r--p 0000d000 103:02 12201479                  /usr/lib/x86_64-linux-gnu/liblber.so.2.0.200
787454f49000-787454f4a000 rw-p 0000e000 103:02 12201479                  /usr/lib/x86_64-linux-gnu/liblber.so.2.0.200
787454f4a000-787454f4c000 r--p 00000000 103:02 12201643                  /usr/lib/x86_64-linux-gnu/libpsl.so.5.3.4
787454f4c000-787454f4e000 r-xp 00002000 103:02 12201643                  /usr/lib/x86_64-linux-gnu/libpsl.so.5.3.4
787454f4e000-787454f5c000 r--p 00004000 103:02 12201643                  /usr/lib/x86_64-linux-gnu/libpsl.so.5.3.4
787454f5c000-787454f5d000 r--p 00011000 103:02 12201643                  /usr/lib/x86_64-linux-gnu/libpsl.so.5.3.4
787454f5d000-787454f5e000 rw-p 00012000 103:02 12201643                  /usr/lib/x86_64-linux-gnu/libpsl.so.5.3.4
787454f5e000-787454f60000 r--p 00000000 103:02 12201443                  /usr/lib/x86_64-linux-gnu/libidn2.so.0.4.0
787454f60000-787454f64000 r-xp 00002000 103:02 12201443                  /usr/lib/x86_64-linux-gnu/libidn2.so.0.4.0
787454f64000-787454f7e000 r--p 00006000 103:02 12201443                  /usr/lib/x86_64-linux-gnu/libidn2.so.0.4.0
787454f7e000-787454f7f000 r--p 0001f000 103:02 12201443                  /usr/lib/x86_64-linux-gnu/libidn2.so.0.4.0
787454f7f000-787454f80000 rw-p 00020000 103:02 12201443                  /usr/lib/x86_64-linux-gnu/libidn2.so.0.4.0
787454f80000-787454f85000 r--p 00000000 103:02 12201549                  /usr/lib/x86_64-linux-gnu/libnghttp2.so.14.26.0
787454f85000-787454f9b000 r-xp 00005000 103:02 12201549                  /usr/lib/x86_64-linux-gnu/libnghttp2.so.14.26.0
787454f9b000-787454fa7000 r--p 0001b000 103:02 12201549                  /usr/lib/x86_64-linux-gnu/libnghttp2.so.14.26.0
787454fa7000-787454faa000 r--p 00026000 103:02 12201549                  /usr/lib/x86_64-linux-gnu/libnghttp2.so.14.26.0
787454faa000-787454fab000 rw-p 00029000 103:02 12201549                  /usr/lib/x86_64-linux-gnu/libnghttp2.so.14.26.0
787454fab000-787454fb7000 r--p 00000000 103:02 12201542                  /usr/lib/x86_64-linux-gnu/libnettle.so.8.8
787454fb7000-787454fe6000 r-xp 0000c000 103:02 12201542                  /usr/lib/x86_64-linux-gnu/libnettle.so.8.8
787454fe6000-787454ffd000 r--p 0003b000 103:02 12201542                  /usr/lib/x86_64-linux-gnu/libnettle.so.8.8
787454ffd000-787454fff000 r--p 00051000 103:02 12201542                  /usr/lib/x86_64-linux-gnu/libnettle.so.8.8
787454fff000-787455000000 rw-p 00053000 103:02 12201542                  /usr/lib/x86_64-linux-gnu/libnettle.so.8.8
787455000000-78745501e000 r-xp 00000000 103:02 19159284                  /home/qualian/.cache/JNA/temp/jna1600261366887446621.tmp (deleted)
78745501e000-78745521d000 ---p 0001e000 103:02 19159284                  /home/qualian/.cache/JNA/temp/jna1600261366887446621.tmp (deleted)
78745521d000-78745521e000 rw-p 0001d000 103:02 19159284                  /home/qualian/.cache/JNA/temp/jna1600261366887446621.tmp (deleted)
78745521e000-78745521f000 rw-p 00000000 00:00 0 
78745521f000-787455222000 r--p 00000000 103:02 12201492                  /usr/lib/x86_64-linux-gnu/liblz4.so.1.9.4
787455222000-78745523d000 r-xp 00003000 103:02 12201492                  /usr/lib/x86_64-linux-gnu/liblz4.so.1.9.4
78745523d000-78745523f000 r--p 0001e000 103:02 12201492                  /usr/lib/x86_64-linux-gnu/liblz4.so.1.9.4
78745523f000-787455240000 r--p 00020000 103:02 12201492                  /usr/lib/x86_64-linux-gnu/liblz4.so.1.9.4
787455240000-787455241000 rw-p 00021000 103:02 12201492                  /usr/lib/x86_64-linux-gnu/liblz4.so.1.9.4
787455241000-787455244000 r--p 00000000 103:02 12201493                  /usr/lib/x86_64-linux-gnu/liblzma.so.5.4.5
787455244000-787455266000 r-xp 00003000 103:02 12201493                  /usr/lib/x86_64-linux-gnu/liblzma.so.5.4.5
787455266000-787455271000 r--p 00025000 103:02 12201493                  /usr/lib/x86_64-linux-gnu/liblzma.so.5.4.5
787455271000-787455272000 r--p 00030000 103:02 12201493                  /usr/lib/x86_64-linux-gnu/liblzma.so.5.4.5
787455272000-787455273000 rw-p 00031000 103:02 12201493                  /usr/lib/x86_64-linux-gnu/liblzma.so.5.4.5
787455273000-787455284000 r--p 00000000 103:02 12192118                  /usr/lib/x86_64-linux-gnu/libcurl.so.4.8.0
787455284000-787455310000 r-xp 00011000 103:02 12192118                  /usr/lib/x86_64-linux-gnu/libcurl.so.4.8.0
787455310000-78745532d000 r--p 0009d000 103:02 12192118                  /usr/lib/x86_64-linux-gnu/libcurl.so.4.8.0
78745532d000-787455331000 r--p 000b9000 103:02 12192118                  /usr/lib/x86_64-linux-gnu/libcurl.so.4.8.0
787455331000-787455334000 rw-p 000bd000 103:02 12192118                  /usr/lib/x86_64-linux-gnu/libcurl.so.4.8.0
787455334000-787455344000 r--p 00000000 103:02 12200580                  /usr/lib/x86_64-linux-gnu/libarchive.so.13.7.2
787455344000-7874553dc000 r-xp 00010000 103:02 12200580                  /usr/lib/x86_64-linux-gnu/libarchive.so.13.7.2
7874553dc000-787455400000 r--p 000a8000 103:02 12200580                  /usr/lib/x86_64-linux-gnu/libarchive.so.13.7.2
787455400000-787455404000 r--p 000cc000 103:02 12200580                  /usr/lib/x86_64-linux-gnu/libarchive.so.13.7.2
787455404000-787455405000 rw-p 000d0000 103:02 12200580                  /usr/lib/x86_64-linux-gnu/libarchive.so.13.7.2
787455405000-787455423000 r--p 00000000 103:02 12722154                  /usr/lib/jvm/java-21-openjdk-amd64/lib/libawt.so
787455423000-7874554ba000 r-xp 0001e000 103:02 12722154                  /usr/lib/jvm/java-21-openjdk-amd64/lib/libawt.so
7874554ba000-7874554c7000 r--p 000b5000 103:02 12722154                  /usr/lib/jvm/java-21-openjdk-amd64/lib/libawt.so
7874554c7000-7874554c8000 r--p 000c1000 103:02 12722154                  /usr/lib/jvm/java-21-openjdk-amd64/lib/libawt.so
7874554c8000-7874554d3000 rw-p 000c2000 103:02 12722154                  /usr/lib/jvm/java-21-openjdk-amd64/lib/libawt.so
7874554d3000-7874554f8000 rw-p 00000000 00:00 0 
7874554f8000-7874554fc000 ---p 00000000 00:00 0 
7874554fc000-7874555f8000 rw-p 00000000 00:00 0 
7874555f8000-7874555fc000 ---p 00000000 00:00 0 
7874555fc000-7874556f8000 rw-p 00000000 00:00 0 
7874556f8000-7874556fc000 ---p 00000000 00:00 0 
7874556fc000-7874557f8000 rw-p 00000000 00:00 0 
7874557f8000-7874557fc000 ---p 00000000 00:00 0 
7874557fc000-7874558f8000 rw-p 00000000 00:00 0 
7874558f8000-7874558fc000 ---p 00000000 00:00 0 
7874558fc000-7874559f8000 rw-p 00000000 00:00 0 
7874559f8000-7874559fc000 ---p 00000000 00:00 0 
7874559fc000-787455af8000 rw-p 00000000 00:00 0 
787455af8000-787455afc000 ---p 00000000 00:00 0 
787455afc000-787455bf8000 rw-p 00000000 00:00 0 
787455bf8000-787455bfc000 ---p 00000000 00:00 0 
787455bfc000-787455cf8000 rw-p 00000000 00:00 0 
787455cf8000-787455cfc000 ---p 00000000 00:00 0 
787455cfc000-787455df8000 rw-p 00000000 00:00 0 
787455df8000-787455dfc000 ---p 00000000 00:00 0 
787455dfc000-787455ef8000 rw-p 00000000 00:00 0 
787455ef8000-787455efc000 ---p 00000000 00:00 0 
787455efc000-787455ff8000 rw-p 00000000 00:00 0 
787455ff8000-787455ffc000 ---p 00000000 00:00 0 
787455ffc000-7874560f8000 rw-p 00000000 00:00 0 
7874560f8000-7874560fc000 ---p 00000000 00:00 0 
7874560fc000-7874561f8000 rw-p 00000000 00:00 0 
7874561f8000-7874561fc000 ---p 00000000 00:00 0 
7874561fc000-7874562f8000 rw-p 00000000 00:00 0 
7874562f8000-7874562fc000 ---p 00000000 00:00 0 
7874562fc000-7874563f8000 rw-p 00000000 00:00 0 
7874563f8000-7874563fc000 ---p 00000000 00:00 0 
7874563fc000-7874564f8000 rw-p 00000000 00:00 0 
7874564f8000-7874564f9000 ---p 00000000 00:00 0 
7874564f9000-7874565f9000 rw-p 00000000 00:00 0 
7874565f9000-7874565fd000 ---p 00000000 00:00 0 
7874565fd000-7874566f9000 rw-p 00000000 00:00 0 
7874566f9000-7874566fa000 ---p 00000000 00:00 0 
7874566fa000-7874567fa000 rw-p 00000000 00:00 0 
7874567fa000-7874567fb000 ---p 00000000 00:00 0 
7874567fb000-7874568fb000 rw-p 00000000 00:00 0 
7874568fb000-7874568fc000 ---p 00000000 00:00 0 
7874568fc000-7874569fc000 rw-p 00000000 00:00 0 
7874569fc000-787456a00000 ---p 00000000 00:00 0 
787456a00000-787456afc000 rw-p 00000000 00:00 0 
787456afc000-787456afd000 ---p 00000000 00:00 0 
787456afd000-787456bfd000 rw-p 00000000 00:00 0 
787456bfd000-787456bfe000 ---p 00000000 00:00 0 
787456bfe000-787456cfe000 rw-p 00000000 00:00 0 
787456cfe000-787456cff000 ---p 00000000 00:00 0 
787456cff000-787456dff000 rw-p 00000000 00:00 0 
787456dff000-787456e00000 ---p 00000000 00:00 0 
787456e00000-787456f00000 rw-p 00000000 00:00 0 
787456f00000-787456f04000 ---p 00000000 00:00 0 
787456f04000-787457000000 rw-p 00000000 00:00 0 
787457000000-787457c9c000 rw-p 00001000 103:02 12722188                  /usr/lib/jvm/java-21-openjdk-amd64/lib/server/classes.jsa
787457c9c000-787458000000 ---p 00000000 00:00 0 
787458000000-787458040000 rw-p 00000000 00:00 0 
787458040000-787458080000 rw-p 00000000 00:00 0 
787458080000-7874580e0000 rw-p 00000000 00:00 0 
7874580e0000-787458100000 rw-p 00000000 00:00 0 
787458100000-7874582e0000 rw-p 00000000 00:00 0 
7874582e0000-787458300000 rw-p 00000000 00:00 0 
787458300000-787458440000 rw-p 00000000 00:00 0 
787458440000-787458480000 rw-p 00000000 00:00 0 
787458480000-7874586c0000 rw-p 00000000 00:00 0 
7874586c0000-787458b40000 rw-p 00000000 00:00 0 
787458b40000-787458b80000 rw-p 00000000 00:00 0 
787458b80000-787458be0000 rw-p 00000000 00:00 0 
787458be0000-787458c00000 ---p 00000000 00:00 0 
787458c00000-787458c40000 rw-p 00000000 00:00 0 
787458c40000-787498000000 ---p 00000000 00:00 0 
787498000000-787498021000 rw-p 00000000 00:00 0 
787498021000-78749c000000 ---p 00000000 00:00 0 
78749c000000-78749c021000 rw-p 00000000 00:00 0 
78749c021000-7874a0000000 ---p 00000000 00:00 0 
7874a0000000-7874a0021000 rw-p 00000000 00:00 0 
7874a0021000-7874a4000000 ---p 00000000 00:00 0 
7874a4000000-7874a4021000 rw-p 00000000 00:00 0 
7874a4021000-7874a8000000 ---p 00000000 00:00 0 
7874a8000000-7874a8021000 rw-p 00000000 00:00 0 
7874a8021000-7874ac004000 ---p 00000000 00:00 0 
7874ac004000-7874ac100000 rw-p 00000000 00:00 0 
7874ac100000-7874ac104000 ---p 00000000 00:00 0 
7874ac104000-7874ac200000 rw-p 00000000 00:00 0 
7874ac200000-7874ac204000 ---p 00000000 00:00 0 
7874ac204000-7874ac300000 rw-p 00000000 00:00 0 
7874ac300000-7874ac304000 ---p 00000000 00:00 0 
7874ac304000-7874ac400000 rw-p 00000000 00:00 0 
7874ac400000-7874ac404000 ---p 00000000 00:00 0 
7874ac404000-7874ac500000 rw-p 00000000 00:00 0 
7874ac500000-7874ac504000 ---p 00000000 00:00 0 
7874ac504000-7874ac600000 rw-p 00000000 00:00 0 
7874ac600000-7874ac604000 ---p 00000000 00:00 0 
7874ac604000-7874ac700000 rw-p 00000000 00:00 0 
7874ac700000-7874ac704000 ---p 00000000 00:00 0 
7874ac704000-7874ac800000 rw-p 00000000 00:00 0 
7874ac800000-7874ac804000 ---p 00000000 00:00 0 
7874ac804000-7874ac900000 rw-p 00000000 00:00 0 
7874ac900000-7874ac904000 ---p 00000000 00:00 0 
7874ac904000-7874aca00000 rw-p 00000000 00:00 0 
7874aca00000-7874acf75000 r--p 00000000 103:02 12189776                  /usr/lib/locale/locale-archive
7874acf76000-7874acf7b000 r--p 00000000 103:02 12201665                  /usr/lib/x86_64-linux-gnu/librtmp.so.1
7874acf7b000-7874acf8c000 r-xp 00005000 103:02 12201665                  /usr/lib/x86_64-linux-gnu/librtmp.so.1
7874acf8c000-7874acf92000 r--p 00016000 103:02 12201665                  /usr/lib/x86_64-linux-gnu/librtmp.so.1
7874acf92000-7874acf93000 r--p 0001c000 103:02 12201665                  /usr/lib/x86_64-linux-gnu/librtmp.so.1
7874acf93000-7874acf94000 rw-p 0001d000 103:02 12201665                  /usr/lib/x86_64-linux-gnu/librtmp.so.1
7874acf94000-7874acf9e000 r--p 00000000 103:02 12201481                  /usr/lib/x86_64-linux-gnu/liblcms2.so.2.0.14
7874acf9e000-7874acfdd000 r-xp 0000a000 103:02 12201481                  /usr/lib/x86_64-linux-gnu/liblcms2.so.2.0.14
7874acfdd000-7874acfef000 r--p 00049000 103:02 12201481                  /usr/lib/x86_64-linux-gnu/liblcms2.so.2.0.14
7874acfef000-7874acff1000 r--p 0005b000 103:02 12201481                  /usr/lib/x86_64-linux-gnu/liblcms2.so.2.0.14
7874acff1000-7874acff4000 rw-p 0005d000 103:02 12201481                  /usr/lib/x86_64-linux-gnu/liblcms2.so.2.0.14
7874acff4000-7874acff6000 rw-p 00000000 00:00 0 
7874acff6000-7874acff7000 ---p 00000000 00:00 0 
7874acff7000-7874ad0f7000 rw-p 00000000 00:00 0 
7874ad0f7000-7874ad0f8000 ---p 00000000 00:00 0 
7874ad0f8000-7874ad1f8000 rw-p 00000000 00:00 0 
7874ad1f8000-7874ad1f9000 ---p 00000000 00:00 0 
7874ad1f9000-7874ad2f9000 rw-p 00000000 00:00 0 
7874ad2f9000-7874ad2fa000 ---p 00000000 00:00 0 
7874ad2fa000-7874ad3fa000 rw-p 00000000 00:00 0 
7874ad3fa000-7874afa00000 rw-p 00000000 00:00 0 
7874afa05000-7874afa10000 r--p 00000000 103:02 12192114                  /usr/lib/x86_64-linux-gnu/libgomp.so.1.0.0
7874afa10000-7874afa4c000 r-xp 0000b000 103:02 12192114                  /usr/lib/x86_64-linux-gnu/libgomp.so.1.0.0
7874afa4c000-7874afa59000 r--p 00047000 103:02 12192114                  /usr/lib/x86_64-linux-gnu/libgomp.so.1.0.0
7874afa59000-7874afa5a000 r--p 00054000 103:02 12192114                  /usr/lib/x86_64-linux-gnu/libgomp.so.1.0.0
7874afa5a000-7874afa5b000 rw-p 00055000 103:02 12192114                  /usr/lib/x86_64-linux-gnu/libgomp.so.1.0.0
7874afa5b000-7874afe2c000 rw-p 00000000 00:00 0 
7874afe2c000-7874afe3c000 ---p 00000000 00:00 0 
7874afe3c000-7874afe4c000 rw-p 00000000 00:00 0 
7874afe4c000-7874aff2c000 ---p 00000000 00:00 0 
7874aff2c000-7874aff34000 rw-p 00000000 00:00 0 
7874aff34000-7874b389c000 ---p 00000000 00:00 0 
7874b389c000-7874b3906000 rw-p 00000000 00:00 0 
7874b3906000-7874b3908000 ---p 00000000 00:00 0 
7874b3908000-7874b390a000 rw-p 00000000 00:00 0 
7874b390a000-7874b3926000 ---p 00000000 00:00 0 
7874b3926000-7874b3927000 rw-p 00000000 00:00 0 
7874b3927000-7874b4054000 ---p 00000000 00:00 0 
7874b4054000-7874b40b0000 rw-p 00000000 00:00 0 
7874b40b0000-7874b40b2000 ---p 00000000 00:00 0 
7874b40b2000-7874b40b4000 rw-p 00000000 00:00 0 
7874b40b4000-7874b40d0000 ---p 00000000 00:00 0 
7874b40d0000-7874b40d1000 rw-p 00000000 00:00 0 
7874b40d1000-7874b47fe000 ---p 00000000 00:00 0 
7874b47fe000-7874b4800000 rw-p 00000000 00:00 0 
7874b4800000-7874b5550000 rwxp 00000000 00:00 0 
7874b5550000-7874b7800000 ---p 00000000 00:00 0 
7874b7800000-7874bfe51000 r--s 00000000 103:02 12722187                  /usr/lib/jvm/java-21-openjdk-amd64/lib/modules
7874bfe51000-7874bfe53000 r--p 00000000 103:02 12201189                  /usr/lib/x86_64-linux-gnu/libbz2.so.1.0.4
7874bfe53000-7874bfe61000 r-xp 00002000 103:02 12201189                  /usr/lib/x86_64-linux-gnu/libbz2.so.1.0.4
7874bfe61000-7874bfe63000 r--p 00010000 103:02 12201189                  /usr/lib/x86_64-linux-gnu/libbz2.so.1.0.4
7874bfe63000-7874bfe64000 r--p 00011000 103:02 12201189                  /usr/lib/x86_64-linux-gnu/libbz2.so.1.0.4
7874bfe64000-7874bfe65000 rw-p 00012000 103:02 12201189                  /usr/lib/x86_64-linux-gnu/libbz2.so.1.0.4
7874bfe65000-7874bfe67000 r--p 00000000 103:02 12201131                  /usr/lib/x86_64-linux-gnu/libacl.so.1.1.2302
7874bfe67000-7874bfe6c000 r-xp 00002000 103:02 12201131                  /usr/lib/x86_64-linux-gnu/libacl.so.1.1.2302
7874bfe6c000-7874bfe6d000 r--p 00007000 103:02 12201131                  /usr/lib/x86_64-linux-gnu/libacl.so.1.1.2302
7874bfe6d000-7874bfe6e000 r--p 00008000 103:02 12201131                  /usr/lib/x86_64-linux-gnu/libacl.so.1.1.2302
7874bfe6e000-7874bfe6f000 rw-p 00009000 103:02 12201131                  /usr/lib/x86_64-linux-gnu/libacl.so.1.1.2302
7874bfe77000-7874bfe7e000 r--s 00000000 103:02 12220255                  /usr/lib/x86_64-linux-gnu/gconv/gconv-modules.cache
7874bfe7e000-7874c23d6000 rw-p 00000000 00:00 0 
7874c23d6000-7874c4000000 ---p 00000000 00:00 0 
7874c4000000-7874c4002000 r--p 00000000 103:02 12201216                  /usr/lib/x86_64-linux-gnu/libcom_err.so.2.1
7874c4002000-7874c4003000 r-xp 00002000 103:02 12201216                  /usr/lib/x86_64-linux-gnu/libcom_err.so.2.1
7874c4003000-7874c4004000 r--p 00003000 103:02 12201216                  /usr/lib/x86_64-linux-gnu/libcom_err.so.2.1
7874c4004000-7874c4005000 r--p 00003000 103:02 12201216                  /usr/lib/x86_64-linux-gnu/libcom_err.so.2.1
7874c4005000-7874c4006000 rw-p 00004000 103:02 12201216                  /usr/lib/x86_64-linux-gnu/libcom_err.so.2.1
7874c4006000-7874c400a000 ---p 00000000 00:00 0 
7874c400a000-7874c4028000 rw-p 00000000 00:00 0 
7874c4028000-7874c402a000 r--p 00000000 103:02 12722172                  /usr/lib/jvm/java-21-openjdk-amd64/lib/liblcms.so
7874c402a000-7874c402c000 r-xp 00002000 103:02 12722172                  /usr/lib/jvm/java-21-openjdk-amd64/lib/liblcms.so
7874c402c000-7874c402d000 r--p 00004000 103:02 12722172                  /usr/lib/jvm/java-21-openjdk-amd64/lib/liblcms.so
7874c402d000-7874c402e000 r--p 00004000 103:02 12722172                  /usr/lib/jvm/java-21-openjdk-amd64/lib/liblcms.so
7874c402e000-7874c402f000 rw-p 00005000 103:02 12722172                  /usr/lib/jvm/java-21-openjdk-amd64/lib/liblcms.so
7874c402f000-7874c4032000 r--p 00000000 103:02 12722155                  /usr/lib/jvm/java-21-openjdk-amd64/lib/libawt_headless.so
7874c4032000-7874c4036000 r-xp 00003000 103:02 12722155                  /usr/lib/jvm/java-21-openjdk-amd64/lib/libawt_headless.so
7874c4036000-7874c4038000 r--p 00007000 103:02 12722155                  /usr/lib/jvm/java-21-openjdk-amd64/lib/libawt_headless.so
7874c4038000-7874c4039000 r--p 00008000 103:02 12722155                  /usr/lib/jvm/java-21-openjdk-amd64/lib/libawt_headless.so
7874c4039000-7874c403a000 rw-p 00009000 103:02 12722155                  /usr/lib/jvm/java-21-openjdk-amd64/lib/libawt_headless.so
7874c403a000-7874c403b000 r--p 00000000 103:02 12722157                  /usr/lib/jvm/java-21-openjdk-amd64/lib/libextnet.so
7874c403b000-7874c403c000 r-xp 00001000 103:02 12722157                  /usr/lib/jvm/java-21-openjdk-amd64/lib/libextnet.so
7874c403c000-7874c403d000 r--p 00002000 103:02 12722157                  /usr/lib/jvm/java-21-openjdk-amd64/lib/libextnet.so
7874c403d000-7874c403e000 r--p 00002000 103:02 12722157                  /usr/lib/jvm/java-21-openjdk-amd64/lib/libextnet.so
7874c403e000-7874c403f000 rw-p 00003000 103:02 12722157                  /usr/lib/jvm/java-21-openjdk-amd64/lib/libextnet.so
7874c403f000-7874c4041000 r--p 00000000 103:02 12722186                  /usr/lib/jvm/java-21-openjdk-amd64/lib/libzip.so
7874c4041000-7874c4046000 r-xp 00002000 103:02 12722186                  /usr/lib/jvm/java-21-openjdk-amd64/lib/libzip.so
7874c4046000-7874c4048000 r--p 00007000 103:02 12722186                  /usr/lib/jvm/java-21-openjdk-amd64/lib/libzip.so
7874c4048000-7874c4049000 r--p 00008000 103:02 12722186                  /usr/lib/jvm/java-21-openjdk-amd64/lib/libzip.so
7874c4049000-7874c404a000 rw-p 00009000 103:02 12722186                  /usr/lib/jvm/java-21-openjdk-amd64/lib/libzip.so
7874c404a000-7874c404d000 r--p 00000000 103:02 12722178                  /usr/lib/jvm/java-21-openjdk-amd64/lib/libnet.so
7874c404d000-7874c4055000 r-xp 00003000 103:02 12722178                  /usr/lib/jvm/java-21-openjdk-amd64/lib/libnet.so
7874c4055000-7874c4057000 r--p 0000b000 103:02 12722178                  /usr/lib/jvm/java-21-openjdk-amd64/lib/libnet.so
7874c4057000-7874c4058000 r--p 0000c000 103:02 12722178                  /usr/lib/jvm/java-21-openjdk-amd64/lib/libnet.so
7874c4058000-7874c4059000 rw-p 0000d000 103:02 12722178                  /usr/lib/jvm/java-21-openjdk-amd64/lib/libnet.so
7874c4059000-7874c40f5000 rw-p 00000000 00:00 0 
7874c40f5000-7874c40f6000 ---p 00000000 00:00 0 
7874c40f6000-7874c41f6000 rw-p 00000000 00:00 0 
7874c41f6000-7874c41f7000 ---p 00000000 00:00 0 
7874c41f7000-7874c42f7000 rw-p 00000000 00:00 0 
7874c42f7000-7874c42f8000 ---p 00000000 00:00 0 
7874c42f8000-7874c43f8000 rw-p 00000000 00:00 0 
7874c43f8000-7874c4c00000 rw-p 00000000 00:00 0 
7874c4c00000-7874c4c9d000 r--p 00000000 103:02 12192106                  /usr/lib/x86_64-linux-gnu/libstdc++.so.6.0.33
7874c4c9d000-7874c4de5000 r-xp 0009d000 103:02 12192106                  /usr/lib/x86_64-linux-gnu/libstdc++.so.6.0.33
7874c4de5000-7874c4e6c000 r--p 001e5000 103:02 12192106                  /usr/lib/x86_64-linux-gnu/libstdc++.so.6.0.33
7874c4e6c000-7874c4e77000 r--p 0026b000 103:02 12192106                  /usr/lib/x86_64-linux-gnu/libstdc++.so.6.0.33
7874c4e77000-7874c4e7a000 rw-p 00276000 103:02 12192106                  /usr/lib/x86_64-linux-gnu/libstdc++.so.6.0.33
7874c4e7a000-7874c4e7e000 rw-p 00000000 00:00 0 
7874c4e81000-7874c4f00000 rw-p 00000000 00:00 0 
7874c4f00000-7874c4f04000 ---p 00000000 00:00 0 
7874c4f04000-7874c5000000 rw-p 00000000 00:00 0 
7874c5000000-7874c52a2000 r--p 00000000 103:02 12722191                  /usr/lib/jvm/java-21-openjdk-amd64/lib/server/libjvm.so
7874c52a2000-7874c6119000 r-xp 002a2000 103:02 12722191                  /usr/lib/jvm/java-21-openjdk-amd64/lib/server/libjvm.so
7874c6119000-7874c63f4000 r--p 01119000 103:02 12722191                  /usr/lib/jvm/java-21-openjdk-amd64/lib/server/libjvm.so
7874c63f4000-7874c64c8000 r--p 013f3000 103:02 12722191                  /usr/lib/jvm/java-21-openjdk-amd64/lib/server/libjvm.so
7874c64c8000-7874c64f8000 rw-p 014c7000 103:02 12722191                  /usr/lib/jvm/java-21-openjdk-amd64/lib/server/libjvm.so
7874c64f8000-7874c655e000 rw-p 00000000 00:00 0 
7874c655e000-7874c6560000 r--p 00000000 103:02 12722176                  /usr/lib/jvm/java-21-openjdk-amd64/lib/libmanagement_ext.so
7874c6560000-7874c6563000 r-xp 00002000 103:02 12722176                  /usr/lib/jvm/java-21-openjdk-amd64/lib/libmanagement_ext.so
7874c6563000-7874c6564000 r--p 00005000 103:02 12722176                  /usr/lib/jvm/java-21-openjdk-amd64/lib/libmanagement_ext.so
7874c6564000-7874c6565000 r--p 00006000 103:02 12722176                  /usr/lib/jvm/java-21-openjdk-amd64/lib/libmanagement_ext.so
7874c6565000-7874c6566000 rw-p 00007000 103:02 12722176                  /usr/lib/jvm/java-21-openjdk-amd64/lib/libmanagement_ext.so
7874c6566000-7874c656d000 r--p 00000000 103:02 12722179                  /usr/lib/jvm/java-21-openjdk-amd64/lib/libnio.so
7874c656d000-7874c6576000 r-xp 00007000 103:02 12722179                  /usr/lib/jvm/java-21-openjdk-amd64/lib/libnio.so
7874c6576000-7874c657a000 r--p 00010000 103:02 12722179                  /usr/lib/jvm/java-21-openjdk-amd64/lib/libnio.so
7874c657a000-7874c657b000 r--p 00014000 103:02 12722179                  /usr/lib/jvm/java-21-openjdk-amd64/lib/libnio.so
7874c657b000-7874c657c000 rw-p 00015000 103:02 12722179                  /usr/lib/jvm/java-21-openjdk-amd64/lib/libnio.so
7874c657c000-7874c6597000 rw-p 00000000 00:00 0 
7874c6597000-7874c65dc000 ---p 00000000 00:00 0 
7874c65dc000-7874c65e9000 r--p 00000000 103:02 12722164                  /usr/lib/jvm/java-21-openjdk-amd64/lib/libjava.so
7874c65e9000-7874c65f8000 r-xp 0000d000 103:02 12722164                  /usr/lib/jvm/java-21-openjdk-amd64/lib/libjava.so
7874c65f8000-7874c65fd000 r--p 0001c000 103:02 12722164                  /usr/lib/jvm/java-21-openjdk-amd64/lib/libjava.so
7874c65fd000-7874c65fe000 r--p 00021000 103:02 12722164                  /usr/lib/jvm/java-21-openjdk-amd64/lib/libjava.so
7874c65fe000-7874c65ff000 rw-p 00022000 103:02 12722164                  /usr/lib/jvm/java-21-openjdk-amd64/lib/libjava.so
7874c65ff000-7874c6600000 rw-p 00000000 00:00 0 
7874c6600000-7874c6628000 r--p 00000000 103:02 12220352                  /usr/lib/x86_64-linux-gnu/libc.so.6
7874c6628000-7874c67b0000 r-xp 00028000 103:02 12220352                  /usr/lib/x86_64-linux-gnu/libc.so.6
7874c67b0000-7874c67ff000 r--p 001b0000 103:02 12220352                  /usr/lib/x86_64-linux-gnu/libc.so.6
7874c67ff000-7874c6803000 r--p 001fe000 103:02 12220352                  /usr/lib/x86_64-linux-gnu/libc.so.6
7874c6803000-7874c6805000 rw-p 00202000 103:02 12220352                  /usr/lib/x86_64-linux-gnu/libc.so.6
7874c6805000-7874c6812000 rw-p 00000000 00:00 0 
7874c6815000-7874c6817000 r--p 00000000 103:02 12722174                  /usr/lib/jvm/java-21-openjdk-amd64/lib/libmanagement.so
7874c6817000-7874c6818000 r-xp 00002000 103:02 12722174                  /usr/lib/jvm/java-21-openjdk-amd64/lib/libmanagement.so
7874c6818000-7874c6819000 r--p 00003000 103:02 12722174                  /usr/lib/jvm/java-21-openjdk-amd64/lib/libmanagement.so
7874c6819000-7874c681a000 r--p 00003000 103:02 12722174                  /usr/lib/jvm/java-21-openjdk-amd64/lib/libmanagement.so
7874c681a000-7874c681b000 rw-p 00004000 103:02 12722174                  /usr/lib/jvm/java-21-openjdk-amd64/lib/libmanagement.so
7874c681b000-7874c6823000 rw-s 00000000 103:02 8651406                   /tmp/hsperfdata_qualian/12287
7874c6823000-7874c6827000 r--p 00000000 103:02 12192116                  /usr/lib/x86_64-linux-gnu/libgcc_s.so.1
7874c6827000-7874c684b000 r-xp 00004000 103:02 12192116                  /usr/lib/x86_64-linux-gnu/libgcc_s.so.1
7874c684b000-7874c684f000 r--p 00028000 103:02 12192116                  /usr/lib/x86_64-linux-gnu/libgcc_s.so.1
7874c684f000-7874c6850000 r--p 0002b000 103:02 12192116                  /usr/lib/x86_64-linux-gnu/libgcc_s.so.1
7874c6850000-7874c6851000 rw-p 0002c000 103:02 12192116                  /usr/lib/x86_64-linux-gnu/libgcc_s.so.1
7874c6851000-7874c6861000 r--p 00000000 103:02 12220739                  /usr/lib/x86_64-linux-gnu/libm.so.6
7874c6861000-7874c68e0000 r-xp 00010000 103:02 12220739                  /usr/lib/x86_64-linux-gnu/libm.so.6
7874c68e0000-7874c6938000 r--p 0008f000 103:02 12220739                  /usr/lib/x86_64-linux-gnu/libm.so.6
7874c6938000-7874c6939000 r--p 000e7000 103:02 12220739                  /usr/lib/x86_64-linux-gnu/libm.so.6
7874c6939000-7874c693a000 rw-p 000e8000 103:02 12220739                  /usr/lib/x86_64-linux-gnu/libm.so.6
7874c693a000-7874c693c000 rw-p 00000000 00:00 0 
7874c693c000-7874c693e000 r--p 00000000 103:02 12722168                  /usr/lib/jvm/java-21-openjdk-amd64/lib/libjli.so
7874c693e000-7874c6948000 r-xp 00002000 103:02 12722168                  /usr/lib/jvm/java-21-openjdk-amd64/lib/libjli.so
7874c6948000-7874c694b000 r--p 0000c000 103:02 12722168                  /usr/lib/jvm/java-21-openjdk-amd64/lib/libjli.so
7874c694b000-7874c694c000 r--p 0000f000 103:02 12722168                  /usr/lib/jvm/java-21-openjdk-amd64/lib/libjli.so
7874c694c000-7874c694d000 rw-p 00010000 103:02 12722168                  /usr/lib/jvm/java-21-openjdk-amd64/lib/libjli.so
7874c694d000-7874c694f000 r--p 00000000 103:02 12201850                  /usr/lib/x86_64-linux-gnu/libz.so.1.3
7874c694f000-7874c6961000 r-xp 00002000 103:02 12201850                  /usr/lib/x86_64-linux-gnu/libz.so.1.3
7874c6961000-7874c6967000 r--p 00014000 103:02 12201850                  /usr/lib/x86_64-linux-gnu/libz.so.1.3
7874c6967000-7874c6968000 r--p 0001a000 103:02 12201850                  /usr/lib/x86_64-linux-gnu/libz.so.1.3
7874c6968000-7874c6969000 rw-p 0001b000 103:02 12201850                  /usr/lib/x86_64-linux-gnu/libz.so.1.3
7874c696d000-7874c696e000 ---p 00000000 00:00 0 
7874c696e000-7874c696f000 r--p 00000000 00:00 0 
7874c696f000-7874c6970000 ---p 00000000 00:00 0 
7874c6970000-7874c6972000 r--p 00000000 103:02 12722167                  /usr/lib/jvm/java-21-openjdk-amd64/lib/libjimage.so
7874c6972000-7874c6975000 r-xp 00002000 103:02 12722167                  /usr/lib/jvm/java-21-openjdk-amd64/lib/libjimage.so
7874c6975000-7874c6976000 r--p 00005000 103:02 12722167                  /usr/lib/jvm/java-21-openjdk-amd64/lib/libjimage.so
7874c6976000-7874c6977000 r--p 00006000 103:02 12722167                  /usr/lib/jvm/java-21-openjdk-amd64/lib/libjimage.so
7874c6977000-7874c6978000 rw-p 00007000 103:02 12722167                  /usr/lib/jvm/java-21-openjdk-amd64/lib/libjimage.so
7874c6978000-7874c697a000 rw-p 00000000 00:00 0 
7874c697a000-7874c697e000 r--p 00000000 00:00 0                          [vvar]
7874c697e000-7874c6980000 r--p 00000000 00:00 0                          [vvar_vclock]
7874c6980000-7874c6982000 r-xp 00000000 00:00 0                          [vdso]
7874c6982000-7874c6983000 r--p 00000000 103:02 12220263                  /usr/lib/x86_64-linux-gnu/ld-linux-x86-64.so.2
7874c6983000-7874c69ae000 r-xp 00001000 103:02 12220263                  /usr/lib/x86_64-linux-gnu/ld-linux-x86-64.so.2
7874c69ae000-7874c69b8000 r--p 0002c000 103:02 12220263                  /usr/lib/x86_64-linux-gnu/ld-linux-x86-64.so.2
7874c69b8000-7874c69ba000 r--p 00036000 103:02 12220263                  /usr/lib/x86_64-linux-gnu/ld-linux-x86-64.so.2
7874c69ba000-7874c69bc000 rw-p 00038000 103:02 12220263                  /usr/lib/x86_64-linux-gnu/ld-linux-x86-64.so.2
7ffd10cc0000-7ffd10ce4000 rw-p 00000000 00:00 0                          [stack]
ffffffffff600000-ffffffffff601000 --xp 00000000 00:00 0                  [vsyscall]
Total number of mappings: 651

JVMTI agents: none


VM Arguments:
jvm_args: -XX:TieredStopAtLevel=1 
java_command: com.docmate.DocmateBackendApplication
java_class_path (initial): /home/qualian/opt/Learning/docmate-backend/target/classes:/home/qualian/.m2/repository/ch/qos/logback/logback-classic/1.5.34/logback-classic-1.5.34.jar:/home/qualian/.m2/repository/ch/qos/logback/logback-core/1.5.34/logback-core-1.5.34.jar:/home/qualian/.m2/repository/org/apache/logging/log4j/log4j-to-slf4j/2.25.4/log4j-to-slf4j-2.25.4.jar:/home/qualian/.m2/repository/org/apache/logging/log4j/log4j-api/2.25.4/log4j-api-2.25.4.jar:/home/qualian/.m2/repository/org/slf4j/jul-to-slf4j/2.0.18/jul-to-slf4j-2.0.18.jar:/home/qualian/.m2/repository/org/springframework/boot/spring-boot-autoconfigure/4.1.0/spring-boot-autoconfigure-4.1.0.jar:/home/qualian/.m2/repository/jakarta/annotation/jakarta.annotation-api/3.0.0/jakarta.annotation-api-3.0.0.jar:/home/qualian/.m2/repository/org/yaml/snakeyaml/2.6/snakeyaml-2.6.jar:/home/qualian/.m2/repository/com/zaxxer/HikariCP/7.0.2/HikariCP-7.0.2.jar:/home/qualian/.m2/repository/org/springframework/boot/spring-boot-data-jpa/4.1.0/spring-boot-data-jpa-4.1.0.jar:/home/qualian/.m2/repository/org/springframework/boot/spring-boot-data-commons/4.1.0/spring-boot-data-commons-4.1.0.jar:/home/qualian/.m2/repository/org/springframework/boot/spring-boot-persistence/4.1.0/spring-boot-persistence-4.1.0.jar:/home/qualian/.m2/repository/org/springframework/data/spring-data-commons/4.1.0/spring-data-commons-4.1.0.jar:/home/qualian/.m2/repository/org/springframework/boot/spring-boot-hibernate/4.1.0/spring-boot-hibernate-4.1.0.jar:/home/qualian/.m2/repository/org/springframework/boot/spring-boot-jpa/4.1.0/spring-boot-jpa-4.1.0.jar:/home/qualian/.m2/repository/jakarta/persistence/jakarta.persistence-api/3.2.0/jakarta.persistence-api-3.2.0.jar:/home/qualian/.m2/repository/org/hibernate/orm/hibernate-core/7.4.1.Final/hibernate-core-7.4.1.Final.jar:/home/qualian/.m2/repository/jakarta/transaction/jakarta.transaction-api/2.0.1/jakarta.transaction-api-2.0.1.jar:/home/qualian/.m2/repository/org/hibernate/models/hibernate-models/1.1.1/hibernate-models-1.1.1.jar:/home/qualian/.m2/repository/org/glassfish/jaxb/jaxb-runtime/4.0.9/jaxb-runtime-4.0.9.jar:/home/qualian/.m2/repository/org/glassfish/jaxb/jaxb-core/4.0.9/jaxb-core-4.0.9.jar:/home/qualian/.m2/repository/org/glassfish/jaxb/txw2/4.0.9/txw2-4.0.9.jar:/home/qualian/.m2/repository/com/sun/istack/istack-commons-runtime/4.1.2/istack-commons-runtime-4.1.2.jar:/home/qualian/.m2/repository/jakarta/inject/jakarta.inject-api/2.0.1/jakarta.inject-api-2.0.1.jar:/home/qualian/.m2/repository/org/springframework/spring-orm/7.0.8/spring-orm-7.0.8.jar:/home/qualian/.m2/repository/org/springframework/data/spring-data-jpa/4.1.0/spring-data-jpa-4.1.0.jar:/home/qualian/.m2/repository/org/springframework/spring-context/7.0.8/spring-context-7.0.8.jar:/home/qualian/.m2/repository/org/springframework/spring-tx/7.0.8/spring-tx-7.0.8.jar:/home/qualian/.m2/repository/org/antlr/antlr4-runtime/4.13.2/antlr4-runtime-4.13.2.jar:/home/qualian/.m2/repository/org/springframework/spring-aspects/7.0.8/spring-aspects-7.0.8.jar:/home/qualian/.m2/repository/org/aspectj/aspectjweaver/1.9.25.1/aspectjweaver-1.9.25.1.jar:/home/qualian/.m2/repository/org/springframework/boot/spring-boot-jdbc/4.1.0/spring-boot-jdbc-4.1.0.jar:/home/qualian/.m2/repository/org/springframework/boot/spring-boot/4.1.0/spring-boot-4.1.0.jar:/home/qualian/.m2/repository/org/springframework/boot/spring-boot-sql/4.1.0/spring-boot-sql-4.1.0.jar:/home/qualian/.m2/repository/org/springframework/boot/spring-boot-transaction/4.1.0/spring-boot-transaction-4.1.0.jar:/home/qualian/.m2/repository/org/springframework/spring-jdbc/7.0.8/spring-jdbc-7.0.8.jar:/home/qualian/.m2/repository/org/springframework/boot/spring-boot-mail/4.1.0/spring-boot-mail-4.1.0.jar:/home/qualian/.m2/repository/org/springframework/spring-context-support/7.0.8/spring-context-support-7.0.8.jar:/home/qualian/.m2/repository/jakarta/mail/jakarta.mail-api/2.1.5/jakarta.mail-api-2.1.5.jar:/home/qualian/.m2/repository/jakarta/activation/jakarta.activation-api/2.1.4/jakarta.activation-api-2.1.4.jar:/home/qualian/.m2/repository/org/eclipse/angus/angus-mail/2.0.5/angus-mail-2.0.5.jar:/home/qualian/.m2/repository/org/eclipse/angus/angus-activation/2.0.3/angus-activation-2.0.3.jar:/home/qualian/.m2/repository/org/springframework/boot/spring-boot-security/4.1.0/spring-boot-security-4.1.0.jar:/home/qualian/.m2/repository/org/springframework/security/spring-security-config/7.1.0/spring-security-config-7.1.0.jar:/home/qualian/.m2/repository/org/springframework/security/spring-security-core/7.1.0/spring-security-core-7.1.0.jar:/home/qualian/.m2/repository/org/springframework/security/spring-security-crypto/7.1.0/spring-security-crypto-7.1.0.jar:/home/qualian/.m2/repository/org/springframework/security/spring-security-web/7.1.0/spring-security-web-7.1.0.jar:/home/qualian/.m2/repository/org/springframework/spring-expression/7.0.8/spring-expression-7.0.8.jar:/home/qualian/.m2/repository/org/springframework/spring-aop/7.0.8/spring-aop-7.0.8.jar:/home/qualian/.m2/repository/org/springframework/spring-beans/7.0.8/spring-beans-7.0.8.jar:/home/qualian/.m2/repository/org/springframework/spring-core/7.0.8/spring-core-7.0.8.jar:/home/qualian/.m2/repository/org/jspecify/jspecify/1.0.0/jspecify-1.0.0.jar:/home/qualian/.m2/repository/org/springframework/boot/spring-boot-validation/4.1.0/spring-boot-validation-4.1.0.jar:/home/qualian/.m2/repository/org/apache/tomcat/embed/tomcat-embed-el/11.0.22/tomcat-embed-el-11.0.22.jar:/home/qualian/.m2/repository/org/hibernate/validator/hibernate-validator/9.1.0.Final/hibernate-validator-9.1.0.Final.jar:/home/qualian/.m2/repository/jakarta/validation/jakarta.validation-api/3.1.1/jakarta.validation-api-3.1.1.jar:/home/qualian/.m2/repository/com/fasterxml/classmate/1.7.3/classmate-1.7.3.jar:/home/qualian/.m2/repository/org/springframework/boot/spring-boot-jackson/4.1.0/spring-boot-jackson-4.1.0.jar:/home/qualian/.m2/repository/tools/jackson/core/jackson-databind/3.1.4/jackson-databind-3.1.4.jar:/home/qualian/.m2/repository/tools/jackson/core/jackson-core/3.1.4/jackson-core-3.1.4.jar:/home/qualian/.m2/repository/org/apache/tomcat/embed/tomcat-embed-core/11.0.22/tomcat-embed-core-11.0.22.jar:/home/qualian/.m2/repository/org/apache/tomcat/embed/tomcat-embed-websocket/11.0.22/tomcat-embed-websocket-11.0.22.jar:/home/qualian/.m2/repository/org/springframework/boot/spring-boot-tomcat/4.1.0/spring-boot-tomcat-4.1.0.jar:/home/qualian/.m2/repository/org/springframework/boot/spring-boot-http-converter/4.1.0/spring-boot-http-converter-4.1.0.jar:/home/qualian/.m2/repository/org/springframework/spring-web/7.0.8/spring-web-7.0.8.jar:/home/qualian/.m2/repository/io/micrometer/micrometer-observation/1.17.0/micrometer-observation-1.17.0.jar:/home/qualian/.m2/repository/io/micrometer/micrometer-commons/1.17.0/micrometer-commons-1.17.0.jar:/home/qualian/.m2/repository/org/springframework/boot/spring-boot-webmvc/4.1.0/spring-boot-webmvc-4.1.0.jar:/home/qualian/.m2/repository/org/springframework/boot/spring-boot-servlet/4.1.0/spring-boot-servlet-4.1.0.jar:/home/qualian/.m2/repository/org/springframework/spring-webmvc/7.0.8/spring-webmvc-7.0.8.jar:/home/qualian/.m2/repository/org/postgresql/postgresql/42.7.11/postgresql-42.7.11.jar:/home/qualian/.m2/repository/jakarta/xml/bind/jakarta.xml.bind-api/4.0.5/jakarta.xml.bind-api-4.0.5.jar:/home/qualian/.m2/repository/net/bytebuddy/byte-buddy/1.18.10/byte-buddy-1.18.10.jar:/home/qualian/.m2/repository/org/springframework/boot/spring-boot-web-server/4.1.0/spring-boot-web-server-4.1.0.jar:/home/qualian/.m2/repository/io/jsonwebtoken/jjwt-api/0.12.6/jjwt-api-0.12.6.jar:/home/qualian/.m2/repository/io/jsonwebtoken/jjwt-impl/0.12.6/jjwt-impl-0.12.6.jar:/home/qualian/.m2/repository/io/jsonwebtoken/jjwt-jackson/0.12.6/jjwt-jackson-0.12.6.jar:/home/qualian/.m2/repository/com/fasterxml/jackson/core/jackson-databind/2.21.4/jackson-databind-2.21.4.jar:/home/qualian/.m2/repository/com/fasterxml/jackson/core/jackson-annotations/2.21/jackson-annotations-2.21.jar:/home/qualian/.m2/repository/com/fasterxml/jackson/core/jackson-core/2.21.4/jackson-core-2.21.4.jar:/home/qualian/.m2/repository/net/sourceforge/tess4j/tess4j/5.13.0/tess4j-5.13.0.jar:/home/qualian/.m2/repository/net/java/dev/jna/jna/5.14.0/jna-5.14.0.jar:/home/qualian/.m2/repository/com/github/jai-imageio/jai-imageio-core/1.4.0/jai-imageio-core-1.4.0.jar:/home/qualian/.m2/repository/org/apache/pdfbox/pdfbox/3.0.3/pdfbox-3.0.3.jar:/home/qualian/.m2/repository/org/apache/pdfbox/pdfbox-io/3.0.3/pdfbox-io-3.0.3.jar:/home/qualian/.m2/repository/org/apache/pdfbox/fontbox/3.0.3/fontbox-3.0.3.jar:/home/qualian/.m2/repository/commons-logging/commons-logging/1.3.6/commons-logging-1.3.6.jar:/home/qualian/.m2/repository/org/apache/pdfbox/pdfbox-tools/3.0.3/pdfbox-tools-3.0.3.jar:/home/qualian/.m2/repository/org/apache/pdfbox/pdfbox-debugger/3.0.3/pdfbox-debugger-3.0.3.jar:/home/qualian/.m2/repository/info/picocli/picocli/4.7.6/picocli-4.7.6.jar:/home/qualian/.m2/repository/org/apache/pdfbox/jbig2-imageio/3.0.4/jbig2-imageio-3.0.4.jar:/home/qualian/.m2/repository/commons-io/commons-io/2.16.1/commons-io-2.16.1.jar:/home/qualian/.m2/repository/net/sourceforge/lept4j/lept4j/1.19.1/lept4j-1.19.1.jar:/home/qualian/.m2/repository/org/jboss/jboss-vfs/3.2.17.Final/jboss-vfs-3.2.17.Final.jar:/home/qualian/.m2/repository/org/jboss/logging/jboss-logging/3.6.3.Final/jboss-logging-3.6.3.Final.jar:/home/qualian/.m2/repository/org/slf4j/slf4j-api/2.0.18/slf4j-api-2.0.18.jar
Launcher Type: SUN_STANDARD

[Global flags]
     intx CICompilerCount                          = 4                                         {product} {ergonomic}
     uint ConcGCThreads                            = 2                                         {product} {ergonomic}
     uint G1ConcRefinementThreads                  = 8                                         {product} {ergonomic}
   size_t G1HeapRegionSize                         = 2097152                                   {product} {ergonomic}
    uintx GCDrainStackTargetSize                   = 64                                        {product} {ergonomic}
   size_t InitialHeapSize                          = 257949696                                 {product} {ergonomic}
   size_t MarkStackSize                            = 4194304                                   {product} {ergonomic}
   size_t MaxHeapSize                              = 4114612224                                {product} {ergonomic}
   size_t MaxNewSize                               = 2468347904                                {product} {ergonomic}
   size_t MinHeapDeltaBytes                        = 2097152                                   {product} {ergonomic}
   size_t MinHeapSize                              = 8388608                                   {product} {ergonomic}
    uintx NonNMethodCodeHeapSize                   = 4096                                   {pd product} {ergonomic}
    uintx NonProfiledCodeHeapSize                  = 0                                      {pd product} {ergonomic}
     bool ProfileInterpreter                       = false                                  {pd product} {command line}
    uintx ProfiledCodeHeapSize                     = 0                                      {pd product} {ergonomic}
   size_t SoftMaxHeapSize                          = 4114612224                             {manageable} {ergonomic}
     intx TieredStopAtLevel                        = 1                                         {product} {command line}
     bool UseCompressedOops                        = true                           {product lp64_product} {ergonomic}
     bool UseG1GC                                  = true                                      {product} {ergonomic}

Logging:
Log output configuration:
 #0: stdout all=warning uptime,level,tags foldmultilines=false
 #1: stderr all=off uptime,level,tags foldmultilines=false

Release file:
IMPLEMENTOR="Ubuntu"
JAVA_RUNTIME_VERSION="21.0.11+10-1-24.04.2-Ubuntu"
JAVA_VERSION="21.0.11"
JAVA_VERSION_DATE="2026-04-21"
LIBC="gnu"
MODULES="java.base java.compiler java.datatransfer java.xml java.prefs java.desktop java.instrument java.logging java.management java.security.sasl java.naming java.rmi java.management.rmi java.net.http java.scripting java.security.jgss java.transaction.xa java.sql java.sql.rowset java.xml.crypto java.se java.smartcardio jdk.accessibility jdk.internal.jvmstat jdk.attach jdk.charsets jdk.internal.opt jdk.zipfs jdk.compiler jdk.crypto.ec jdk.crypto.cryptoki jdk.dynalink jdk.internal.ed jdk.editpad jdk.hotspot.agent jdk.httpserver jdk.incubator.vector jdk.internal.le jdk.internal.vm.ci jdk.internal.vm.compiler jdk.internal.vm.compiler.management jdk.jartool jdk.javadoc jdk.jcmd jdk.management jdk.management.agent jdk.jconsole jdk.jdeps jdk.jdwp.agent jdk.jdi jdk.jfr jdk.jlink jdk.jpackage jdk.jshell jdk.jsobject jdk.jstatd jdk.localedata jdk.management.jfr jdk.naming.dns jdk.naming.rmi jdk.net jdk.nio.mapmode jdk.random jdk.sctp jdk.security.auth jdk.security.jgss jdk.unsupported jdk.unsupported.desktop jdk.xml.dom"
OS_ARCH="x86_64"
OS_NAME="Linux"
SOURCE=""

Environment Variables:
PATH=/home/qualian/.nvm/versions/node/v24.15.0/bin:/usr/local/sbin:/usr/local/bin:/usr/sbin:/usr/bin:/sbin:/bin:/usr/games:/usr/local/games:/snap/bin:/snap/bin
USERNAME=qualian
SHELL=/bin/bash
DISPLAY=:0
WAYLAND_DISPLAY=wayland-0
LANG=en_US.UTF-8
TERM=xterm-256color

Active Locale:
LC_ALL=en_US.UTF-8
LC_COLLATE=en_US.UTF-8
LC_CTYPE=en_US.UTF-8
LC_MESSAGES=en_US.UTF-8
LC_MONETARY=en_US.UTF-8
LC_NUMERIC=en_US.UTF-8
LC_TIME=en_US.UTF-8

Signal Handlers:
   SIGSEGV: crash_handler in libjvm.so, mask=11100100010111111101111111111110, flags=SA_RESTART|SA_SIGINFO, unblocked
    SIGBUS: crash_handler in libjvm.so, mask=11100100010111111101111111111110, flags=SA_RESTART|SA_SIGINFO, unblocked
    SIGFPE: crash_handler in libjvm.so, mask=11100100010111111101111111111110, flags=SA_RESTART|SA_SIGINFO, unblocked
   SIGPIPE: javaSignalHandler in libjvm.so, mask=11100100010111111101111111111110, flags=SA_RESTART|SA_SIGINFO, blocked
   SIGXFSZ: javaSignalHandler in libjvm.so, mask=11100100010111111101111111111110, flags=SA_RESTART|SA_SIGINFO, blocked
    SIGILL: crash_handler in libjvm.so, mask=11100100010111111101111111111110, flags=SA_RESTART|SA_SIGINFO, unblocked
   SIGUSR2: SR_handler in libjvm.so, mask=00000000000000000000000000000000, flags=SA_RESTART|SA_SIGINFO, blocked
    SIGHUP: UserHandler in libjvm.so, mask=11100100010111111101111111111110, flags=SA_RESTART|SA_SIGINFO, blocked
    SIGINT: UserHandler in libjvm.so, mask=11100100010111111101111111111110, flags=SA_RESTART|SA_SIGINFO, blocked
   SIGTERM: UserHandler in libjvm.so, mask=11100100010111111101111111111110, flags=SA_RESTART|SA_SIGINFO, blocked
   SIGQUIT: UserHandler in libjvm.so, mask=11100100010111111101111111111110, flags=SA_RESTART|SA_SIGINFO, blocked
   SIGTRAP: crash_handler in libjvm.so, mask=11100100010111111101111111111110, flags=SA_RESTART|SA_SIGINFO, unblocked


Periodic native trim disabled

---------------  S Y S T E M  ---------------

OS:
DISTRIB_ID=Ubuntu
DISTRIB_RELEASE=24.04
DISTRIB_CODENAME=noble
DISTRIB_DESCRIPTION="Ubuntu 24.04.3 LTS"
uname: Linux 6.17.0-22-generic #22~24.04.1-Ubuntu SMP PREEMPT_DYNAMIC Thu Mar 26 15:25:54 UTC 2 x86_64
OS uptime: 0 days 1:19 hours
libc: glibc 2.39 NPTL 2.39 
rlimit (soft/hard): STACK 8192k/infinity , CORE 0k/infinity , NPROC 62068/62068 , NOFILE 1048576/1048576 , AS infinity/infinity , CPU infinity/infinity , DATA infinity/infinity , FSIZE infinity/infinity , MEMLOCK 2009048k/2009048k
load average: 3.11 5.22 3.50

/proc/meminfo:
MemTotal:       16072388 kB
MemFree:         1449040 kB
MemAvailable:    8870532 kB
Buffers:          212080 kB
Cached:          8105924 kB
SwapCached:            0 kB
Active:          9149388 kB
Inactive:        4096184 kB
Active(anon):    5694880 kB
Inactive(anon):        0 kB
Active(file):    3454508 kB
Inactive(file):  4096184 kB
Unevictable:      542080 kB
Mlocked:             136 kB
SwapTotal:       4194300 kB
SwapFree:        4194300 kB
Zswap:                 0 kB
Zswapped:              0 kB
Dirty:              4156 kB
Writeback:             0 kB
AnonPages:       5470332 kB
Mapped:          2422972 kB
Shmem:            767308 kB
KReclaimable:     255628 kB
Slab:             511508 kB
SReclaimable:     255628 kB
SUnreclaim:       255880 kB
KernelStack:       23984 kB
PageTables:        75140 kB
SecPageTables:      6888 kB
NFS_Unstable:          0 kB
Bounce:                0 kB
WritebackTmp:          0 kB
CommitLimit:    12230492 kB
Committed_AS:   25592184 kB
VmallocTotal:   34359738367 kB
VmallocUsed:       77024 kB
VmallocChunk:          0 kB
Percpu:             8960 kB
HardwareCorrupted:     0 kB
AnonHugePages:         0 kB
ShmemHugePages:   509952 kB
ShmemPmdMapped:        0 kB
FileHugePages:     92160 kB
FilePmdMapped:         0 kB
CmaTotal:              0 kB
CmaFree:               0 kB
Unaccepted:            0 kB
Balloon:               0 kB
HugePages_Total:       0
HugePages_Free:        0
HugePages_Rsvd:        0
HugePages_Surp:        0
Hugepagesize:       2048 kB
Hugetlb:               0 kB
DirectMap4k:      234944 kB
DirectMap2M:     3655680 kB
DirectMap1G:    13631488 kB

/sys/kernel/mm/transparent_hugepage/enabled: always [madvise] never
/sys/kernel/mm/transparent_hugepage/hpage_pmd_size: 2097152
/sys/kernel/mm/transparent_hugepage/defrag (defrag/compaction efforts parameter): always defer defer+madvise [madvise] never

Process Memory:
Virtual Size: 8752288K (peak: 8785216K)
Resident Set Size: 477364K (peak: 484408K) (anon: 440524K, file: 36840K, shmem: 0K)
Swapped out: 0K
C-Heap outstanding allocations: 154408K, retained: 7543K
glibc malloc tunables: (default)

/proc/sys/kernel/threads-max (system-wide limit on the number of threads): 124137
/proc/sys/vm/max_map_count (maximum number of memory map areas a process may have): 1048576
/proc/sys/vm/swappiness (control to define how aggressively the kernel swaps out anonymous memory): 60
/proc/sys/kernel/pid_max (system-wide limit on number of process identifiers): 4194304

container information not found.
Steal ticks since vm start: 0
Steal ticks percentage since vm start:  0.000

CPU: total 8 (initial active 8) (4 cores per cpu, 2 threads per core) family 6 model 140 stepping 1 microcode 0xbe, cx8, cmov, fxsr, ht, mmx, 3dnowpref, sse, sse2, sse3, ssse3, sse4.1, sse4.2, popcnt, lzcnt, tsc, tscinvbit, avx, avx2, aes, erms, clmul, bmi1, bmi2, adx, avx512f, avx512dq, avx512cd, avx512bw, avx512vl, sha, fma, vzeroupper, avx512_vpopcntdq, avx512_vpclmulqdq, avx512_vaes, avx512_vnni, clflush, clflushopt, clwb, avx512_vbmi2, avx512_vbmi, rdtscp, rdpid, fsrm, gfni, avx512_bitalg, f16c, pku, ospke, cet_ibt, cet_ss, avx512_ifma
CPU Model and flags from /proc/cpuinfo:
model name	: 11th Gen Intel(R) Core(TM) i7-1185G7 @ 3.00GHz
flags		: fpu vme de pse tsc msr pae mce cx8 apic sep mtrr pge mca cmov pat pse36 clflush dts acpi mmx fxsr sse sse2 ss ht tm pbe syscall nx pdpe1gb rdtscp lm constant_tsc art arch_perfmon pebs bts rep_good nopl xtopology nonstop_tsc cpuid aperfmperf tsc_known_freq pni pclmulqdq dtes64 monitor ds_cpl vmx smx est tm2 ssse3 sdbg fma cx16 xtpr pdcm pcid sse4_1 sse4_2 x2apic movbe popcnt tsc_deadline_timer aes xsave avx f16c rdrand lahf_lm abm 3dnowprefetch cpuid_fault epb cat_l2 cdp_l2 ssbd ibrs ibpb stibp ibrs_enhanced tpr_shadow flexpriority ept vpid ept_ad fsgsbase tsc_adjust bmi1 avx2 smep bmi2 erms invpcid rdt_a avx512f avx512dq rdseed adx smap avx512ifma clflushopt clwb intel_pt avx512cd sha_ni avx512bw avx512vl xsaveopt xsavec xgetbv1 xsaves split_lock_detect user_shstk dtherm ida arat pln pts hwp hwp_notify hwp_act_window hwp_epp hwp_pkg_req vnmi avx512vbmi umip pku ospke avx512_vbmi2 gfni vaes vpclmulqdq avx512_vnni avx512_bitalg avx512_vpopcntdq rdpid movdiri movdir64b fsrm avx512_vp2intersect md_clear ibt flush_l1d arch_capabilities

Online cpus: 0-7
Offline cpus: 
BIOS frequency limitation: <Not Available>
Frequency switch latency (ns): 0
Available cpu frequencies: <Not Available>
Current governor: powersave
Core performance/turbo boost: <Not Available>

Memory: 4k page, physical 16072388k(8870532k free), swap 4194300k(4194300k free)
Page Sizes: 4k

vm_info: OpenJDK 64-Bit Server VM (21.0.11+10-1-24.04.2-Ubuntu) for linux-amd64 JRE (21.0.11+10-1-24.04.2-Ubuntu), built on 2026-04-26T09:33:23Z by "buildd" with gcc 13.3.0

END.
